Sq.Ki.,Sq.Mi.,State,County
1543.7,596,Alabama,Autauga
4135,1596.5,Alabama,Baldwin
2292.1,885,Alabama,Barbour
1611.9,622.4,Alabama,Bibb
1672.3,645.7,Alabama,Blount
1618.9,625.1,Alabama,Bullock
2012.3,776.9,Alabama,Butler
1576,608.5,Alabama,Calhoun
1547.3,597.4,Alabama,Chambers
1432.7,553.2,Alabama,Cherokee
1797.6,694.1,Alabama,Chilton
2366.2,913.6,Alabama,Choctaw
3207.7,1238.5,Alabama,Clarke
1567.3,605.1,Alabama,Clay
1450.9,560.2,Alabama,Cleburne
1759.1,679.2,Alabama,Coffee
1539.9,594.6,Alabama,Colbert
2203.8,850.9,Alabama,Conecuh
1690,652.5,Alabama,Coosa
2679.9,1034.7,Alabama,Covington
1578.9,609.6,Alabama,Crenshaw
1912.7,738.5,Alabama,Cullman
1453.3,561.1,Alabama,Dale
2540.3,980.8,Alabama,Dallas
2015,778,Alabama,DeKalb
1609.9,621.6,Alabama,Elmore
2454,947.5,Alabama,Escambia
1385.2,534.8,Alabama,Etowah
1626,627.8,Alabama,Fayette
1646.4,635.7,Alabama,Franklin
1492.8,576.4,Alabama,Geneva
1673,646,Alabama,Greene
1667.4,643.8,Alabama,Hale
1455.5,562,Alabama,Henry
1503.3,580.4,Alabama,Houston
2794.1,1078.8,Alabama,Jackson
2881.8,1112.7,Alabama,Jefferson
1566.7,604.9,Alabama,Lamar
1734.1,669.5,Alabama,Lauderdale
1796,693.4,Alabama,Lawrence
1576.8,608.8,Alabama,Lee
1471.4,568.1,Alabama,Limestone
1859.6,718,Alabama,Lowndes
1581.4,610.6,Alabama,Macon
2084.8,805,Alabama,Madison
2530.7,977.1,Alabama,Marengo
1920.4,741.5,Alabama,Marion
1468.8,567.1,Alabama,Marshall
3194.4,1233.4,Alabama,Mobile
2657.3,1026,Alabama,Monroe
2045.8,789.9,Alabama,Montgomery
1508,582.2,Alabama,Morgan
1863.6,719.5,Alabama,Perry
2283,881.5,Alabama,Pickens
1738.1,671.1,Alabama,Pike
1505,581.1,Alabama,Randolph
1660.5,641.1,Alabama,Russell
1642,634,Alabama,St. Clair
2058.8,794.9,Alabama,Shelby
2343.9,905,Alabama,Sumter
1915.6,739.6,Alabama,Talladega
1859.7,718,Alabama,Tallapoosa
3432.4,1325.3,Alabama,Tuscaloosa
2057.6,794.5,Alabama,Walker
2799.1,1080.7,Alabama,Washington
2301.9,888.8,Alabama,Wilcox
1591.5,614.5,Alabama,Winston
18090.5,6984.8,Alaska,Aleutians East Borough
11401.5,4402.1,Alaska,Aleutians West Census Area
4396.9,1697.6,Alaska,Anchorage Borough
106416.4,41087.4,Alaska,Bethel Census Area
1344.8,519.2,Alaska,Bristol Bay Borough
47829.3,18466.9,Alaska,Dillingham Census Area
19068.7,7362.4,Alaska,Fairbanks North Star Borough
6104.6,2357,Alaska,Haines Borough
6717.3,2593.6,Alaska,Juneau Borough
41644.4,16078.9,Alaska,Kenai Peninsula Borough
3158.9,1219.6,Alaska,Ketchikan Gateway Borough
16738.1,6462.6,Alaska,Kodiak Island Borough
61207.7,23632.3,Alaska,Lake and Peninsula Borough
63956.5,24693.6,Alaska,Matanuska-Susitna Borough
59602.5,23012.6,Alaska,Nome Census Area
227558.7,87860.5,Alaska,North Slope Borough
92883.8,35862.5,Alaska,Northwest Arctic Borough
18970.4,7324.5,Alaska,Prince of Wales-Outer Ketchikan Census Area
7463,2881.5,Alaska,Sitka Borough
33360.8,12880.6,Alaska,Skagway-Yakutat-Angoon Census Area
67324.7,25994.1,Alaska,Southeast Fairbanks Census Area
95688.5,36945.4,Alaska,Valdez-Cordova Census Area
44351.4,17124.1,Alaska,Wade Hampton Census Area
15044.1,5808.5,Alaska,Wrangell-Petersburg Census Area
406944.1,157121.3,Alaska,Yukon-Koyukuk Census Area
29022.7,11205.7,Arizona,Apache
15980.3,6170,Arizona,Cochise
48223.5,18619.1,Arizona,Coconino
12349.3,4768.1,Arizona,Gila
11990.8,4629.6,Arizona,Graham
4784.1,1847.1,Arizona,Greenlee
11653.9,4499.6,Arizona,La Paz
23838.5,9204,Arizona,Maricopa
34479.2,13312.4,Arizona,Mohave
25780.3,9953.8,Arizona,Navajo
23794.3,9187,Arizona,Pima
13908.3,5370,Arizona,Pinal
3205.8,1237.7,Arizona,Santa Cruz
21040,8123.5,Arizona,Yavapai
14282.4,5514.4,Arizona,Yuma
134875.1,52075.3,Arizona,Arkansas
2560.3,988.5,Arizona,Arkansas
2386.3,921.4,Arizona,Ashley
1435.9,554.4,Arizona,Baxter
2184.2,843.3,Arizona,Benton
1531.3,591.2,Arizona,Boone
1685.3,650.7,Arizona,Bradley
1627.4,628.3,Arizona,Calhoun
1641.5,633.8,Arizona,Carroll
1668.1,644.1,Arizona,Chicot
2241.7,865.5,Arizona,Clark
1655.9,639.3,Arizona,Clay
1432.5,553.1,Arizona,Cleburne
1548.2,597.8,Arizona,Cleveland
1984.4,766.2,Arizona,Columbia
1440.6,556.2,Arizona,Conway
1841,710.8,Arizona,Craighead
1542.3,595.5,Arizona,Crawford
1581.2,610.5,Arizona,Crittenden
1595.2,615.9,Arizona,Cross
1728.7,667.5,Arizona,Dallas
1981.4,765,Arizona,Desha
2145.1,828.2,Arizona,Drew
1676.7,647.4,Arizona,Faulkner
1578.9,609.6,Arizona,Franklin
1601.2,618.2,Arizona,Fulton
1756.2,678.1,Arizona,Garland
1636.4,631.8,Arizona,Grant
1495.9,577.6,Arizona,Greene
1887.7,728.8,Arizona,Hempstead
1592.8,615,Arizona,Hot Spring
1521.5,587.5,Arizona,Howard
1978.4,763.8,Arizona,Independence
1504.1,580.7,Arizona,Izard
1641,633.6,Arizona,Jackson
2291.6,884.8,Arizona,Jefferson
1715.1,662.2,Arizona,Johnson
1363.7,526.5,Arizona,Lafayette
1519.3,586.6,Arizona,Lawrence
1558.4,601.7,Arizona,Lee
1453.6,561.2,Arizona,Lincoln
1377.3,531.8,Arizona,Little River
1838.7,709.9,Arizona,Logan
1982.6,765.5,Arizona,Lonoke
2167.7,837,Arizona,Madison
1548.1,597.7,Arizona,Marion
1616.3,624.1,Arizona,Miller
2326.6,898.3,Arizona,Mississippi
1571.4,606.7,Arizona,Monroe
2022.7,781,Arizona,Montgomery
1605.8,620,Arizona,Nevada
2131.6,823,Arizona,Newton
1897.2,732.5,Arizona,Ouachita
1427,551,Arizona,Perry
1794.2,692.7,Arizona,Phillips
1561.9,603.1,Arizona,Pike
1962.7,757.8,Arizona,Poinsett
2226,859.5,Arizona,Polk
2103,812,Arizona,Pope
1673.1,646,Arizona,Prairie
1996.8,771,Arizona,Pulaski
1688.3,651.9,Arizona,Randolph
1641.8,633.9,Arizona,St. Francis
1877.1,724.8,Arizona,Saline
2315.3,893.9,Arizona,Scott
1728,667.2,Arizona,Searcy
1389.2,536.4,Arizona,Sebastian
1460.7,564,Arizona,Sevier
1565.4,604.4,Arizona,Sharp
1571.2,606.6,Arizona,Stone
2691,1039,Arizona,Union
1842.9,711.6,Arizona,Van Buren
2461.1,950.2,Arizona,Washington
2678.4,1034.1,Arizona,White
1519.3,586.6,Arizona,Woodruff
2403.2,927.9,Arizona,Yell
1910.1,737.5,California,Alameda
1913.1,738.7,California,Alpine
1534.7,592.6,California,Amador
4246.6,1639.6,California,Butte
2642.3,1020.2,California,Calaveras
2980.5,1150.8,California,Colusa
1865.5,720.3,California,Contra Costa
2610.4,1007.9,California,Del Norte
4432.8,1711.5,California,El Dorado
15444.7,5963.2,California,Fresno
3405.5,1314.9,California,Glenn
9253.5,3572.8,California,Humboldt
10813.4,4175.1,California,Imperial
26397.5,10192.1,California,Inyo
21086.8,8141.6,California,Kern
3598.8,1389.5,California,Kings
3259.4,1258.5,California,Lake
11803.9,4557.5,California,Lassen
10515.3,4060,California,Los Angeles
5538.5,2138.4,California,Madera
1346.2,519.8,California,Marin
3758.6,1451.2,California,Mariposa
9089,3509.3,California,Mendocino
4995.8,1928.9,California,Merced
10215.9,3944.4,California,Modoc
7885.2,3044.5,California,Mono
8603.8,3321.9,California,Monterey
1952.5,753.9,California,Napa
2480.3,957.7,California,Nevada
2045.3,789.7,California,Orange
3637.4,1404.4,California,Placer
6614.8,2554,California,Plumas
18669.1,7208.2,California,Riverside
2501.1,965.7,California,Sacramento
3597.9,1389.1,California,San Benito
51961.2,20062.2,California,San Bernardino
10889.6,4204.5,California,San Diego
121,46.7,California,San Francisco
3624.1,1399.3,California,San Joaquin
8558.7,3304.5,California,San Luis Obispo
1163.2,449.1,California,San Mateo
7092.6,2738.5,California,Santa Barbara
3344.3,1291.2,California,Santa Clara
1154.3,445.7,California,Santa Cruz
9804.8,3785.7,California,Shasta
2469.4,953.4,California,Sierra
16284,6287.3,California,Siskiyou
2145,828.2,California,Solano
4082.4,1576.2,California,Sonoma
3870.9,1494.6,California,Stanislaus
1561,602.7,California,Sutter
7643.2,2951,California,Tehama
8233.3,3178.9,California,Trinity
12495,4824.3,California,Tulare
5790.3,2235.6,California,Tuolumne
4781,1845.9,California,Ventura
2622.2,1012.4,California,Yolo
1632.9,630.5,California,Yuba
3087.3,1192,Colorado,Adams
1872,722.8,Colorado,Alamosa
2080.2,803.2,Colorado,Arapahoe
3494.9,1349.4,Colorado,Archuleta
6619.7,2555.9,Colorado,Baca
3921.3,1514,Colorado,Bent
1923,742.5,Colorado,Boulder
2625,1013.5,Colorado,Chaffee
4614,1781.5,Colorado,Cheyenne
1024.2,395.5,Colorado,Clear Creek
3334.2,1287.3,Colorado,Conejos
3177.9,1227,Colorado,Costilla
2043.6,789,Colorado,Crowley
1913.8,738.9,Colorado,Custer
2958.3,1142.2,Colorado,Delta
397,153.3,Colorado,Denver
2763.6,1067,Colorado,Dolores
2176,840.2,Colorado,Douglas
4371.8,1688,Colorado,Eagle
4793.8,1850.9,Colorado,Elbert
5508.1,2126.7,Colorado,El Paso
3970.6,1533,Colorado,Fremont
7634,2947.5,Colorado,Garfield
388.2,149.9,Colorado,Gilpin
4790.9,1849.8,Colorado,Grand
8389.5,3239.2,Colorado,Gunnison
2895,1117.8,Colorado,Hinsdale
4120.3,1590.9,Colorado,Huerfano
4178.5,1613.3,Colorado,Jackson
2000.1,772.2,Colorado,Jefferson
4587.2,1771.1,Colorado,Kiowa
5597,2161,Colorado,Kit Carson
976.2,376.9,Colorado,Lake
4382.5,1692.1,Colorado,La Plata
6737.7,2601.4,Colorado,Larimer
12362,4773,Colorado,Las Animas
6698.4,2586.3,Colorado,Lincoln
4762,1838.6,Colorado,Logan
8619.3,3327.9,Colorado,Mesa
2268.4,875.8,Colorado,Mineral
12283.1,4742.5,Colorado,Moffat
5275.7,2036.9,Colorado,Montezuma
5803.5,2240.7,Colorado,Montrose
3329.3,1285.5,Colorado,Morgan
3271,1262.9,Colorado,Otero
1404,542.1,Colorado,Ouray
5700.1,2200.8,Colorado,Park
1781,687.7,Colorado,Phillips
2512.8,970.2,Colorado,Pitkin
4248.9,1640.5,Colorado,Prowers
6187,2388.8,Colorado,Pueblo
8342.8,3221.2,Colorado,Rio Blanco
2363.6,912.6,Colorado,Rio Grande
6117,2361.8,Colorado,Routt
8206.8,3168.7,Colorado,Saguache
1003.5,387.5,Colorado,San Juan
3332.1,1286.5,Colorado,San Miguel
1420,548.3,Colorado,Sedgwick
1575.3,608.2,Colorado,Summit
1442.9,557.1,Colorado,Teller
6529.8,2521.2,Colorado,Washington
10341.3,3992.8,Colorado,Weld
6128.3,2366.1,Colorado,Yuma
1621,625.9,Connecticut,Fairfield
1904.9,735.5,Connecticut,Hartford
2382.8,920,Connecticut,Litchfield
956.4,369.3,Connecticut,Middlesex
1569,605.8,Connecticut,New Haven
1725.1,666.1,Connecticut,New London
1062.1,410.1,Connecticut,Tolland
1328.2,512.8,Connecticut,Windham
1529.8,590.7,Delaware,Kent
1104.1,426.3,Delaware,New Castle
2428.5,937.7,Delaware,Sussex
159.1,61.4,District of Columbia,District of Columbia
2264.4,874.3,Florida,Alachua
1515.8,585.2,Florida,Baker
1978.1,763.7,Florida,Bay
759.3,293.2,Florida,Bradford
2637.9,1018.5,Florida,Brevard
3131,1208.9,Florida,Broward
1469.5,567.4,Florida,Calhoun
1796.6,693.7,Florida,Charlotte
1511.5,583.6,Florida,Citrus
1557,601.1,Florida,Clay
5245.9,2025.5,Florida,Collier
2064.6,797.2,Florida,Columbia
5036.7,1944.7,Florida,Dade
1650.7,637.3,Florida,DeSoto
1823.5,704.1,Florida,Dixie
2004.3,773.9,Florida,Duval
1718.8,663.6,Florida,Escambia
1256.2,485,Florida,Flagler
1383,534,Florida,Franklin
1336.9,516.2,Florida,Gadsden
903.6,348.9,Florida,Gilchrist
2003.4,773.5,Florida,Glades
1463.5,565.1,Florida,Gulf
1333.5,514.9,Florida,Hamilton
1650.8,637.4,Florida,Hardee
2985.5,1152.7,Florida,Hendry
1238.8,478.3,Florida,Hernando
2663.8,1028.5,Florida,Highlands
2722.1,1051,Florida,Hillsborough
1249.8,482.5,Florida,Holmes
1303.4,503.2,Florida,Indian River
2371.9,915.8,Florida,Jackson
1548.3,597.8,Florida,Jefferson
1405.9,542.8,Florida,Lafayette
2468.5,953.1,Florida,Lake
2081.3,803.6,Florida,Lee
1727,666.8,Florida,Leon
2896.8,1118.4,Florida,Levy
2165.1,835.9,Florida,Liberty
1792.2,692,Florida,Madison
1919.7,741.2,Florida,Manatee
4089.6,1579,Florida,Marion
1439.2,555.7,Florida,Martin
2582.9,997.3,Florida,Monroe
1687.7,651.6,Florida,Nassau
2423.7,935.8,Florida,Okaloosa
2005.5,774.3,Florida,Okeechobee
2350.8,907.6,Florida,Orange
3424,1322,Florida,Osceola
5268.9,2034.3,Florida,Palm Beach
1929.5,745,Florida,Pasco
725.6,280.2,Florida,Pinellas
4856.1,1874.9,Florida,Polk
1870.4,722.2,Florida,Putnam
1577.4,609,Florida,St. Johns
1482.8,572.5,Florida,St. Lucie
2631,1015.8,Florida,Santa Rosa
1480.8,571.8,Florida,Sarasota
798.3,308.2,Florida,Seminole
1413.3,545.7,Florida,Sumter
1781.1,687.7,Florida,Suwannee
2698.6,1041.9,Florida,Taylor
622.4,240.3,Florida,Union
2864.2,1105.9,Florida,Volusia
1571.3,606.7,Florida,Wakulla
2739.4,1057.7,Florida,Walton
1501.9,579.9,Florida,Washington
1317.7,508.8,Georgia,Appling
875.7,338.1,Georgia,Atkinson
738.1,285,Georgia,Bacon
889,343.2,Georgia,Baker
669.5,258.5,Georgia,Baldwin
605.2,233.7,Georgia,Banks
420.2,162.2,Georgia,Barrow
1191.1,459.9,Georgia,Bartow
652.3,251.8,Georgia,Ben Hill
1171.9,452.5,Georgia,Berrien
647.5,250,Georgia,Bibb
563.1,217.4,Georgia,Bleckley
1151.1,444.4,Georgia,Brantley
1278.7,493.7,Georgia,Brooks
1144.1,441.8,Georgia,Bryan
1767.9,682.6,Georgia,Bulloch
2151.1,830.6,Georgia,Burke
483.3,186.6,Georgia,Butts
725.7,280.2,Georgia,Calhoun
1631.6,629.9,Georgia,Camden
639.7,247,Georgia,Candler
1293.1,499.3,Georgia,Carroll
420.2,162.2,Georgia,Catoosa
2022.3,780.8,Georgia,Charlton
1140.6,440.4,Georgia,Chatham
644.4,248.8,Georgia,Chattahoochee
812.6,313.8,Georgia,Chattooga
1097.5,423.7,Georgia,Cherokee
313,120.8,Georgia,Clarke
505.6,195.2,Georgia,Clay
369.5,142.6,Georgia,Clayton
2096.2,809.4,Georgia,Clinch
881.2,340.2,Georgia,Cobb
1551.7,599.1,Georgia,Coffee
1430.5,552.3,Georgia,Colquitt
751.2,290,Georgia,Columbia
593.4,229.1,Georgia,Cook
1147.5,443.1,Georgia,Coweta
842.1,325.1,Georgia,Crawford
709.2,273.8,Georgia,Crisp
450.5,173.9,Georgia,Dade
546.6,211,Georgia,Dawson
1545.8,596.8,Georgia,Decatur
694.9,268.3,Georgia,De Kalb
1296.7,500.6,Georgia,Dodge
1017.8,393,Georgia,Dooly
853.9,329.7,Georgia,Dougherty
516.2,199.3,Georgia,Douglas
1324.2,511.3,Georgia,Early
1046.8,404.2,Georgia,Echols
1241.9,479.5,Georgia,Effingham
955.2,368.8,Georgia,Elbert
1776.6,686,Georgia,Emanuel
479.2,185,Georgia,Evans
999.1,385.8,Georgia,Fannin
511.3,197.4,Georgia,Fayette
1329.4,513.3,Georgia,Floyd
584.8,225.8,Georgia,Forsyth
682,263.3,Georgia,Franklin
1369.3,528.7,Georgia,Fulton
1105.2,426.7,Georgia,Gilmer
373.5,144.2,Georgia,Glascock
1094,422.4,Georgia,Glynn
919.8,355.2,Georgia,Gordon
1186.6,458.2,Georgia,Grady
1005.9,388.4,Georgia,Greene
1121.1,432.9,Georgia,Gwinnett
720.6,278.2,Georgia,Habersham
1019.6,393.7,Georgia,Hall
1225.9,473.3,Georgia,Hancock
730.8,282.2,Georgia,Haralson
1201.1,463.8,Georgia,Harris
601.5,232.2,Georgia,Hart
766.8,296.1,Georgia,Heard
835.8,322.7,Georgia,Henry
975.9,376.8,Georgia,Houston
924.2,356.8,Georgia,Irwin
886.8,342.4,Georgia,Jackson
959.5,370.5,Georgia,Jasper
863.5,333.4,Georgia,Jeff Davis
1366.7,527.7,Georgia,Jefferson
906.1,349.8,Georgia,Jenkins
788.5,304.4,Georgia,Johnson
1019.9,393.8,Georgia,Jones
478.7,184.8,Georgia,Lamar
483.9,186.8,Georgia,Lanier
2104.7,812.6,Georgia,Laurens
921.5,355.8,Georgia,Lee
1344.5,519.1,Georgia,Liberty
546.8,211.1,Georgia,Lincoln
1038.7,401,Georgia,Long
1306,504.3,Georgia,Lowndes
736.8,284.5,Georgia,Lumpkin
672.9,259.8,Georgia,McDuffie
1122.7,433.5,Georgia,McIntosh
1044.6,403.3,Georgia,Macon
736.7,284.4,Georgia,Madison
950.7,367.1,Georgia,Marion
1303.7,503.4,Georgia,Meriwether
733.1,283.1,Georgia,Miller
1326.2,512,Georgia,Mitchell
1024.8,395.7,Georgia,Monroe
635.5,245.3,Georgia,Montgomery
905.6,349.7,Georgia,Morgan
892.1,344.4,Georgia,Murray
560.2,216.3,Georgia,Muscogee
716,276.4,Georgia,Newton
481.1,185.8,Georgia,Oconee
1142.6,441.1,Georgia,Oglethorpe
812.1,313.6,Georgia,Paulding
391.3,151.1,Georgia,Peach
601.3,232.1,Georgia,Pickens
888.4,343,Georgia,Pierce
565.8,218.4,Georgia,Pike
805.9,311.2,Georgia,Polk
640.8,247.4,Georgia,Pulaski
892.3,344.5,Georgia,Putnam
392.5,151.6,Georgia,Quitman
961.1,371.1,Georgia,Rabun
1111.8,429.3,Georgia,Randolph
839.3,324.1,Georgia,Richmond
338.5,130.7,Georgia,Rockdale
434.1,167.6,Georgia,Schley
1679.7,648.5,Georgia,Screven
616.6,238.1,Georgia,Seminole
512.8,198,Georgia,Spalding
464.3,179.3,Georgia,Stephens
1188.1,458.7,Georgia,Stewart
1257,485.3,Georgia,Sumter
1018.5,393.2,Georgia,Talbot
506.1,195.4,Georgia,Taliaferro
1252.9,483.7,Georgia,Tattnall
977.7,377.5,Georgia,Taylor
1142.6,441.2,Georgia,Telfair
868.9,335.5,Georgia,Terrell
1420.5,548.4,Georgia,Thomas
686.7,265.1,Georgia,Tift
949.8,366.7,Georgia,Toombs
431.3,166.5,Georgia,Towns
519.9,200.7,Georgia,Treutlen
1072.1,413.9,Georgia,Troup
741,286.1,Georgia,Turner
933.4,360.4,Georgia,Twiggs
835.8,322.7,Georgia,Union
843.1,325.5,Georgia,Upson
1155.9,446.3,Georgia,Walker
852.8,329.3,Georgia,Walton
2337.7,902.6,Georgia,Ware
739.6,285.5,Georgia,Warren
1762.4,680.5,Georgia,Washington
1669.9,644.7,Georgia,Wayne
542.7,209.6,Georgia,Webster
771.1,297.7,Georgia,Wheeler
625.8,241.6,Georgia,White
751.1,290,Georgia,Whitfield
985.2,380.4,Georgia,Wilcox
1220.9,471.4,Georgia,Wilkes
1156.7,446.6,Georgia,Wilkinson
1475.8,569.8,Georgia,Worth
10433.1,4028.2,Hawaii,Hawaii
1554.5,600.2,Hawaii,Honolulu
34.2,13.2,Hawaii,Kalawao
1612.2,622.5,Hawaii,Kauai
3002.5,1159.3,Hawaii,Maui
2732.6,1055,Idaho,Ada
3534.5,1364.7,Idaho,Adams
2883.2,1113.2,Idaho,Bannock
2516,971.4,Idaho,Bear Lake
2009.9,776,Idaho,Benewah
5425.6,2094.8,Idaho,Bingham
6850.3,2644.9,Idaho,Blaine
4927.5,1902.5,Idaho,Boise
4500.4,1737.6,Idaho,Bonner
4839.6,1868.6,Idaho,Bonneville
3286.2,1268.8,Idaho,Boundary
5783.3,2232.9,Idaho,Butte
2784.3,1075,Idaho,Camas
1527.5,589.8,Idaho,Canyon
4574.2,1766.1,Idaho,Caribou
6647.5,2566.6,Idaho,Cassia
4570.6,1764.7,Idaho,Clark
6375.4,2461.6,Idaho,Clearwater
12757.3,4925.6,Idaho,Custer
7971.4,3077.8,Idaho,Elmore
1723.6,665.5,Idaho,Franklin
4835.1,1866.8,Idaho,Fremont
1457.1,562.6,Idaho,Gem
1892.9,730.8,Idaho,Gooding
21976.6,8485.2,Idaho,Idaho
2836.4,1095.1,Idaho,Jefferson
1553.7,599.9,Idaho,Jerome
3225.1,1245.2,Idaho,Kootenai
2788.7,1076.7,Idaho,Latah
11821.6,4564.3,Idaho,Lemhi
1240.8,479.1,Idaho,Lewis
3122.5,1205.6,Idaho,Lincoln
1221.3,471.6,Idaho,Madison
1967.6,759.7,Idaho,Minidoka
2199.2,849.1,Idaho,Nez Perce
3109.1,1200.4,Idaho,Oneida
19887,7678.4,Idaho,Owyhee
1055.5,407.5,Idaho,Payette
3640.7,1405.7,Idaho,Power
6822.1,2634,Idaho,Shoshone
1166.5,450.4,Idaho,Teton
4986.1,1925.1,Idaho,Twin Falls
9526.5,3678.2,Idaho,Valley
3772,1456.4,Idaho,Washington
2218.9,856.7,Illinois,Adams
612.3,236.4,Illinois,Alexander
984.7,380.2,Illinois,Bond
728.8,281.4,Illinois,Boone
791.7,305.7,Illinois,Brown
2249.7,868.6,Illinois,Bureau
657.5,253.8,Illinois,Calhoun
1150.6,444.2,Illinois,Carroll
973.7,376,Illinois,Cass
2582.7,997.2,Illinois,Champaign
1836.5,709.1,Illinois,Christian
1299,501.5,Illinois,Clark
1215.4,469.3,Illinois,Clay
1228.3,474.3,Illinois,Clinton
1316.5,508.3,Illinois,Coles
2449.3,945.7,Illinois,Cook
1148.8,443.6,Illinois,Crawford
896.2,346,Illinois,Cumberland
1642.5,634.2,Illinois,DeKalb
1029.8,397.6,Illinois,De Witt
1079.7,416.9,Illinois,Douglas
866.2,334.4,Illinois,Du Page
1615.1,623.6,Illinois,Edgar
575.9,222.4,Illinois,Edwards
1239.9,478.7,Illinois,Effingham
1855.8,716.5,Illinois,Fayette
1258.5,485.9,Illinois,Ford
1067.3,412.1,Illinois,Franklin
2242.1,865.7,Illinois,Fulton
838.5,323.7,Illinois,Gallatin
1406.7,543.1,Illinois,Greene
1088.2,420.1,Illinois,Grundy
1127.1,435.2,Illinois,Hamilton
2058.2,794.7,Illinois,Hancock
461.9,178.3,Illinois,Hardin
981.2,378.8,Illinois,Henderson
2132.2,823.3,Illinois,Henry
2891.8,1116.5,Illinois,Iroquois
1523.3,588.1,Illinois,Jackson
1280.6,494.4,Illinois,Jasper
1479.1,571.1,Illinois,Jefferson
956.3,369.2,Illinois,Jersey
1557,601.2,Illinois,Jo Daviess
896.2,346,Illinois,Johnson
1348.6,520.7,Illinois,Kane
1754.7,677.5,Illinois,Kankakee
830.5,320.7,Illinois,Kendall
1855.3,716.3,Illinois,Knox
1159.8,447.8,Illinois,Lake
2939.8,1135,Illinois,La Salle
963.5,372,Illinois,Lawrence
1878.8,725.4,Illinois,Lee
2703.5,1043.8,Illinois,Livingston
1601.1,618.2,Illinois,Logan
1526.3,589.3,Illinois,McDonough
1564.7,604.1,Illinois,McHenry
3065.6,1183.6,Illinois,McLean
1503.6,580.6,Illinois,Macon
2236.9,863.7,Illinois,Macoupin
1877.9,725.1,Illinois,Madison
1482.2,572.3,Illinois,Marion
1000,386.1,Illinois,Marshall
1396,539,Illinois,Mason
619.1,239.1,Illinois,Massac
814,314.3,Illinois,Menard
1453.1,561.1,Illinois,Mercer
1005.8,388.3,Illinois,Monroe
1823,703.8,Illinois,Montgomery
1473.2,568.8,Illinois,Morgan
869.2,335.6,Illinois,Moultrie
1965.5,758.9,Illinois,Ogle
1604.6,619.6,Illinois,Peoria
1142.2,441,Illinois,Perry
1139.7,440,Illinois,Piatt
2150.6,830.3,Illinois,Pike
960.6,370.9,Illinois,Pope
520.1,200.8,Illinois,Pulaski
413.9,159.8,Illinois,Putnam
1498.2,578.4,Illinois,Randolph
932.8,360.2,Illinois,Richland
1105.4,426.8,Illinois,Rock Island
1719.5,663.9,Illinois,St. Clair
992.8,383.3,Illinois,Saline
2248.8,868.3,Illinois,Sangamon
1132.8,437.4,Illinois,Schuyler
650,251,Illinois,Scott
1964.6,758.6,Illinois,Shelby
745.7,287.9,Illinois,Stark
1461.5,564.3,Illinois,Stephenson
1680.7,648.9,Illinois,Tazewell
1077.9,416.2,Illinois,Union
2328.7,899.1,Illinois,Vermilion
578.8,223.5,Illinois,Wabash
1405.3,542.6,Illinois,Warren
1457.3,562.7,Illinois,Washington
1849.1,713.9,Illinois,Wayne
1281.9,494.9,Illinois,White
1773.7,684.8,Illinois,Whiteside
2168.5,837.3,Illinois,Will
1098.6,424.2,Illinois,Williamson
1330.8,513.8,Illinois,Winnebago
1367.6,528,Illinois,Woodford
879,339.4,Indiana,Adams
1702.4,657.3,Indiana,Allen
1053.8,406.9,Indiana,Bartholomew
1052.4,406.3,Indiana,Benton
427.7,165.1,Indiana,Blackford
1094.9,422.7,Indiana,Boone
808.8,312.3,Indiana,Brown
964.2,372.3,Indiana,Carroll
1069.4,412.9,Indiana,Cass
971.7,375.2,Indiana,Clark
926.3,357.6,Indiana,Clay
1049.3,405.1,Indiana,Clinton
791.8,305.7,Indiana,Crawford
1115.6,430.7,Indiana,Daviess
790.6,305.2,Indiana,Dearborn
965.1,372.6,Indiana,Decatur
939.9,362.9,Indiana,De Kalb
1018.7,393.3,Indiana,Delaware
1114,430.1,Indiana,Dubois
1201.3,463.8,Indiana,Elkhart
556.8,215,Indiana,Fayette
383.4,148,Indiana,Floyd
1024.9,395.7,Indiana,Fountain
999.8,386,Indiana,Franklin
954.5,368.5,Indiana,Fulton
1266.1,488.9,Indiana,Gibson
1072.4,414,Indiana,Grant
1404.1,542.1,Indiana,Greene
1030.9,398,Indiana,Hamilton
793,306.2,Indiana,Hancock
1256.8,485.3,Indiana,Harrison
1057.8,408.4,Indiana,Hendricks
1017.8,393,Indiana,Henry
759.1,293.1,Indiana,Howard
991,382.6,Indiana,Huntington
1319.2,509.3,Indiana,Jackson
1450.1,559.9,Indiana,Jasper
993.7,383.7,Indiana,Jay
936,361.4,Indiana,Jefferson
977.1,377.3,Indiana,Jennings
829.4,320.2,Indiana,Johnson
1336.1,515.9,Indiana,Knox
1392.2,537.5,Indiana,Kosciusko
983.1,379.6,Indiana,Lagrange
1287.3,497,Indiana,Lake
1549.5,598.3,Indiana,La Porte
1162.6,448.9,Indiana,Lawrence
1171.1,452.2,Indiana,Madison
1026.7,396.4,Indiana,Marion
1150.7,444.3,Indiana,Marshall
870.6,336.2,Indiana,Martin
973.2,375.8,Indiana,Miami
1021.4,394.4,Indiana,Monroe
1306.9,504.6,Indiana,Montgomery
1052.8,406.5,Indiana,Morgan
1040.9,401.9,Indiana,Newton
1064.8,411.1,Indiana,Noble
224.6,86.7,Indiana,Ohio
1034.8,399.6,Indiana,Orange
997.7,385.2,Indiana,Owen
1152.1,444.8,Indiana,Parke
987.9,381.4,Indiana,Perry
870.7,336.2,Indiana,Pike
1083.2,418.2,Indiana,Porter
1058.1,408.5,Indiana,Posey
1123.3,433.7,Indiana,Pulaski
1244.1,480.3,Indiana,Putnam
1173,452.9,Indiana,Randolph
1156.1,446.4,Indiana,Ripley
1057.6,408.3,Indiana,Rush
1184.5,457.3,Indiana,St. Joseph
493.1,190.4,Indiana,Scott
1068.8,412.7,Indiana,Shelby
1032.7,398.7,Indiana,Spencer
801.1,309.3,Indiana,Starke
799.6,308.7,Indiana,Steuben
1158.3,447.2,Indiana,Sullivan
572.9,221.2,Indiana,Switzerland
1294.6,499.8,Indiana,Tippecanoe
674.5,260.4,Indiana,Tipton
418.4,161.6,Indiana,Union
607.6,234.6,Indiana,Vanderburgh
665.4,256.9,Indiana,Vermillion
1044.6,403.3,Indiana,Vigo
1070.2,413.2,Indiana,Wabash
945.1,364.9,Indiana,Warren
994.8,384.1,Indiana,Warrick
1332.4,514.5,Indiana,Washington
1045.3,403.6,Indiana,Wayne
958.3,370,Indiana,Wells
1308.6,505.3,Indiana,White
869,335.5,Indiana,Whitley
1474.6,569.3,Iowa,Adair
1097,423.6,Iowa,Adams
1656.6,639.6,Iowa,Allamakee
1285.4,496.3,Iowa,Appanoose
1147.8,443.2,Iowa,Audubon
1855.6,716.5,Iowa,Benton
1469.5,567.4,Iowa,Black Hawk
1480.2,571.5,Iowa,Boone
1134.3,437.9,Iowa,Bremer
1479.6,571.3,Iowa,Buchanan
1488.8,574.8,Iowa,Buena Vista
1503.3,580.4,Iowa,Butler
1476.8,570.2,Iowa,Calhoun
1474.6,569.3,Iowa,Carroll
1461.7,564.3,Iowa,Cass
1501.1,579.6,Iowa,Cedar
1472.2,568.4,Iowa,Cerro Gordo
1494.9,577.2,Iowa,Cherokee
1307.2,504.7,Iowa,Chickasaw
1116.7,431.2,Iowa,Clarke
1473.5,568.9,Iowa,Clay
2017.2,778.8,Iowa,Clayton
1800.2,695,Iowa,Clinton
1850.3,714.4,Iowa,Crawford
1519,586.5,Iowa,Dallas
1303.5,503.3,Iowa,Davis
1378.5,532.3,Iowa,Decatur
1496.7,577.9,Iowa,Delaware
1077.9,416.2,Iowa,Des Moines
987,381.1,Iowa,Dickinson
1575.3,608.2,Iowa,Dubuque
1025,395.8,Iowa,Emmet
1893.2,731,Iowa,Fayette
1296.5,500.6,Iowa,Floyd
1508.6,582.5,Iowa,Franklin
1324.3,511.3,Iowa,Fremont
1472.3,568.4,Iowa,Greene
1301.6,502.6,Iowa,Grundy
1529.7,590.6,Iowa,Guthrie
1493.7,576.7,Iowa,Hamilton
1479.3,571.1,Iowa,Hancock
1474.5,569.3,Iowa,Hardin
1804.9,696.9,Iowa,Harrison
1125.3,434.5,Iowa,Henry
1226.2,473.4,Iowa,Howard
1125.2,434.4,Iowa,Humboldt
1118.2,431.7,Iowa,Ida
1519,586.5,Iowa,Iowa
1647.6,636.1,Iowa,Jackson
1890.8,730,Iowa,Jasper
1127.6,435.4,Iowa,Jefferson
1591.7,614.5,Iowa,Johnson
1490.2,575.4,Iowa,Jones
1500.2,579.2,Iowa,Keokuk
2520.3,973.1,Iowa,Kossuth
1340.1,517.4,Iowa,Lee
1858.4,717.5,Iowa,Linn
1041,401.9,Iowa,Louisa
1115.2,430.6,Iowa,Lucas
1521.8,587.6,Iowa,Lyon
1453.4,561.2,Iowa,Madison
1478.8,570.9,Iowa,Mahaska
1435.5,554.3,Iowa,Marion
1482.4,572.4,Iowa,Marshall
1130.7,436.6,Iowa,Mills
1214.6,469,Iowa,Mitchell
1795.3,693.2,Iowa,Monona
1122.6,433.4,Iowa,Monroe
1097.9,423.9,Iowa,Montgomery
1136.2,438.7,Iowa,Muscatine
1484.4,573.1,Iowa,O'Brien
1032.9,398.8,Iowa,Osceola
1385.3,534.9,Iowa,Page
1460.4,563.9,Iowa,Palo Alto
2236.8,863.6,Iowa,Plymouth
1496.4,577.7,Iowa,Pocahontas
1475,569.5,Iowa,Polk
2471.7,954.3,Iowa,Pottawattamie
1515.4,585.1,Iowa,Poweshiek
1392.7,537.7,Iowa,Ringgold
1491.4,575.8,Iowa,Sac
1186,457.9,Iowa,Scott
1530.5,590.9,Iowa,Shelby
1989,767.9,Iowa,Sioux
1483.8,572.9,Iowa,Story
1868.3,721.4,Iowa,Tama
1383,534,Iowa,Taylor
1099.2,424.4,Iowa,Union
1256.8,485.3,Iowa,Van Buren
1118.5,431.8,Iowa,Wapello
1480.7,571.7,Iowa,Warren
1473.3,568.8,Iowa,Washington
1361.4,525.6,Iowa,Wayne
1852.6,715.3,Iowa,Webster
1037.3,400.5,Iowa,Winnebago
1786.2,689.7,Iowa,Winneshiek
2260.2,872.7,Iowa,Woodbury
1036,400,Iowa,Worth
1504.2,580.8,Iowa,Wright
1302.9,503.1,Kansas,Allen
1509.9,583,Kansas,Anderson
1119.8,432.4,Kansas,Atchison
2937.5,1134.2,Kansas,Barber
2315.6,894,Kansas,Barton
1650.2,637.1,Kansas,Bourbon
1478.1,570.7,Kansas,Brown
3698.9,1428.2,Kansas,Butler
2009.7,775.9,Kansas,Chase
1662.1,641.7,Kansas,Chautauqua
1520.8,587.2,Kansas,Cherokee
2641.6,1019.9,Kansas,Cheyenne
2524.6,974.7,Kansas,Clark
1667.6,643.9,Kansas,Clay
1853.6,715.7,Kansas,Cloud
1632.4,630.3,Kansas,Coffey
2041.9,788.4,Kansas,Comanche
2917.2,1126.3,Kansas,Cowley
1535.8,593,Kansas,Crawford
2314.4,893.6,Kansas,Decatur
2197.5,848.4,Kansas,Dickinson
1015.8,392.2,Kansas,Doniphan
1183.5,457,Kansas,Douglas
1611.1,622.1,Kansas,Edwards
1677.9,647.9,Kansas,Elk
2331,900,Kansas,Ellis
1854.3,715.9,Kansas,Ellsworth
3367.4,1300.2,Kansas,Finney
2845.3,1098.6,Kansas,Ford
1486.4,573.9,Kansas,Franklin
995.3,384.3,Kansas,Geary
2775.1,1071.5,Kansas,Gove
2326.7,898.3,Kansas,Graham
1489,574.9,Kansas,Grant
2250.6,868.9,Kansas,Gray
2015.2,778.1,Kansas,Greeley
2952.1,1139.8,Kansas,Greenwood
2581,996.5,Kansas,Hamilton
2075.8,801.5,Kansas,Harper
1397.1,539.4,Kansas,Harvey
1495.4,577.4,Kansas,Haskell
2227.3,860,Kansas,Hodgeman
1701.2,656.9,Kansas,Jackson
1388.6,536.2,Kansas,Jefferson
2354.9,909.2,Kansas,Jewell
1234.9,476.8,Kansas,Johnson
2253.4,870,Kansas,Kearny
2237,863.7,Kansas,Kingman
1871.1,722.4,Kansas,Kiowa
1680.7,648.9,Kansas,Labette
1857.7,717.3,Kansas,Lane
1200,463.3,Kansas,Leavenworth
1862,718.9,Kansas,Lincoln
1550.8,598.8,Kansas,Linn
2779.2,1073.1,Kansas,Logan
2204.1,851,Kansas,Lyon
2330.5,899.8,Kansas,McPherson
2442.8,943.2,Kansas,Marion
2337.8,902.6,Kansas,Marshall
2534.3,978.5,Kansas,Meade
1493.8,576.8,Kansas,Miami
1812.8,699.9,Kansas,Mitchell
1671.2,645.3,Kansas,Montgomery
1806.4,697.4,Kansas,Morris
1890.6,730,Kansas,Morton
1862.4,719.1,Kansas,Nemaha
1481.3,571.9,Kansas,Neosho
2783.8,1074.8,Kansas,Ness
2273.7,877.9,Kansas,Norton
1822.3,703.6,Kansas,Osage
2311.9,892.6,Kansas,Osborne
1867.8,721.2,Kansas,Ottawa
1953.4,754.2,Kansas,Pawnee
2295.4,886.3,Kansas,Phillips
2186.7,844.3,Kansas,Pottawatomie
1903.7,735,Kansas,Pratt
2770.5,1069.7,Kansas,Rawlins
3249.2,1254.5,Kansas,Reno
1855.9,716.5,Kansas,Republic
1881.9,726.6,Kansas,Rice
1579,609.6,Kansas,Riley
2300.9,888.4,Kansas,Rooks
1860.3,718.2,Kansas,Rush
2291.5,884.7,Kansas,Russell
1863.9,719.6,Kansas,Saline
1858.5,717.6,Kansas,Scott
2590.6,1000.2,Kansas,Sedgwick
1656.5,639.6,Kansas,Seward
1424.1,549.9,Kansas,Shawnee
2321.7,896.4,Kansas,Sheridan
2734.7,1055.9,Kansas,Sherman
2319.2,895.5,Kansas,Smith
2051.5,792.1,Kansas,Stafford
1761.4,680.1,Kansas,Stanton
1884.5,727.6,Kansas,Stevens
3061.1,1181.9,Kansas,Sumner
2783.9,1074.9,Kansas,Thomas
2300.9,888.4,Kansas,Trego
2065.4,797.5,Kansas,Wabaunsee
2367.4,914.1,Kansas,Wallace
2327.1,898.5,Kansas,Washington
1861.1,718.6,Kansas,Wichita
1486.4,573.9,Kansas,Wilson
1296.7,500.7,Kansas,Woodson
392.1,151.4,Kansas,Wyandotte
1053.8,406.9,Kentucky,Adair
896.5,346.1,Kentucky,Allen
525,202.7,Kentucky,Anderson
650.5,251.2,Kentucky,Ballard
1271.6,491,Kentucky,Barren
723.8,279.4,Kentucky,Bath
934.4,360.8,Kentucky,Bell
637.8,246.3,Kentucky,Boone
754.8,291.4,Kentucky,Bourbon
414.9,160.2,Kentucky,Boyd
470.4,181.6,Kentucky,Boyle
526.4,203.2,Kentucky,Bracken
1282.6,495.2,Kentucky,Breathitt
1482.6,572.4,Kentucky,Breckinridge
774.7,299.1,Kentucky,Bullitt
1108.8,428.1,Kentucky,Butler
898.7,347,Kentucky,Caldwell
1000.5,386.3,Kentucky,Calloway
392.6,151.6,Kentucky,Campbell
498.6,192.5,Kentucky,Carlisle
337,130.1,Kentucky,Carroll
1063.5,410.6,Kentucky,Carter
1154.2,445.6,Kentucky,Casey
1868.3,721.4,Kentucky,Christian
658.7,254.3,Kentucky,Clark
1219.9,471,Kentucky,Clay
511.4,197.5,Kentucky,Clinton
938,362.2,Kentucky,Crittenden
792.1,305.8,Kentucky,Cumberland
1197.7,462.4,Kentucky,Daviess
783.8,302.6,Kentucky,Edmonson
606,234,Kentucky,Elliott
657.9,254,Kentucky,Estill
736.9,284.5,Kentucky,Fayette
909.3,351.1,Kentucky,Fleming
1021.3,394.3,Kentucky,Floyd
545.2,210.5,Kentucky,Franklin
541.2,209,Kentucky,Fulton
256,98.8,Kentucky,Gallatin
598.9,231.2,Kentucky,Garrard
673.1,259.9,Kentucky,Grant
1439.1,555.7,Kentucky,Graves
1304.6,503.7,Kentucky,Grayson
747.9,288.7,Kentucky,Green
896.7,346.2,Kentucky,Greenup
489,188.8,Kentucky,Hancock
1626.6,628,Kentucky,Hardin
1210,467.2,Kentucky,Harlan
802.2,309.7,Kentucky,Harrison
1077.3,416,Kentucky,Hart
1140,440.2,Kentucky,Henderson
749.4,289.3,Kentucky,Henry
633.2,244.5,Kentucky,Hickman
1426,550.6,Kentucky,Hopkins
897,346.3,Kentucky,Jackson
997.4,385.1,Kentucky,Jefferson
448.5,173.2,Kentucky,Jessamine
677.4,261.6,Kentucky,Johnson
421.1,162.6,Kentucky,Kenton
912.2,352.2,Kentucky,Knott
1004.1,387.7,Kentucky,Knox
682.3,263.4,Kentucky,Larue
1128.4,435.7,Kentucky,Laurel
1084.8,418.9,Kentucky,Lawrence
543.6,209.9,Kentucky,Lee
1046.5,404,Kentucky,Leslie
878.1,339.1,Kentucky,Letcher
1254.9,484.5,Kentucky,Lewis
871.7,336.6,Kentucky,Lincoln
818.7,316.1,Kentucky,Livingston
1439.3,555.7,Kentucky,Logan
558.8,215.8,Kentucky,Lyon
650.5,251.1,Kentucky,McCracken
1107.8,427.7,Kentucky,McCreary
658.7,254.3,Kentucky,McLean
1141.5,440.7,Kentucky,Madison
801.5,309.5,Kentucky,Magoffin
897.9,346.7,Kentucky,Marion
789.7,304.9,Kentucky,Marshall
597.6,230.7,Kentucky,Martin
624.5,241.1,Kentucky,Mason
799.1,308.5,Kentucky,Meade
528.1,203.9,Kentucky,Menifee
649.9,250.9,Kentucky,Mercer
753.5,290.9,Kentucky,Metcalfe
856.8,330.8,Kentucky,Monroe
514.4,198.6,Kentucky,Montgomery
987.6,381.3,Kentucky,Morgan
1229.6,474.7,Kentucky,Muhlenberg
1094.8,422.7,Kentucky,Nelson
509.2,196.6,Kentucky,Nicholas
1538,593.8,Kentucky,Ohio
490,189.2,Kentucky,Oldham
912.1,352.2,Kentucky,Owen
513.1,198.1,Kentucky,Owsley
725.3,280,Kentucky,Pendleton
886.2,342.2,Kentucky,Perry
2040.2,787.7,Kentucky,Pike
466.6,180.1,Kentucky,Powell
1713.6,661.6,Kentucky,Pulaski
259.2,100.1,Kentucky,Robertson
822.4,317.5,Kentucky,Rockcastle
727.4,280.8,Kentucky,Rowan
656.7,253.5,Kentucky,Russell
738.6,285.2,Kentucky,Scott
995,384.2,Kentucky,Shelby
611.8,236.2,Kentucky,Simpson
481.5,185.9,Kentucky,Spencer
698.9,269.8,Kentucky,Taylor
974.8,376.4,Kentucky,Todd
1148.3,443.4,Kentucky,Trigg
385.5,148.9,Kentucky,Trimble
893.8,345.1,Kentucky,Union
1412.2,545.2,Kentucky,Warren
778.6,300.6,Kentucky,Washington
1189.9,459.4,Kentucky,Wayne
866.9,334.7,Kentucky,Webster
1140,440.2,Kentucky,Whitley
577.1,222.8,Kentucky,Wolfe
493.9,190.7,Kentucky,Woodford
1697.3,655.3,Louisiana,Acadia
1980.3,764.6,Louisiana,Allen
755.1,291.6,Louisiana,Ascension
877.3,338.7,Louisiana,Assumption
2156.2,832.5,Louisiana,Avoyelles
3004.8,1160.2,Louisiana,Beauregard
2099.7,810.7,Louisiana,Bienville
2171.6,838.5,Louisiana,Bossier
2284.7,882.1,Louisiana,Caddo
2774.4,1071.2,Louisiana,Calcasieu
1371.3,529.5,Louisiana,Caldwell
3400.8,1313,Louisiana,Cameron
1822.6,703.7,Louisiana,Catahoula
1954.7,754.7,Louisiana,Claiborne
1803.6,696.4,Louisiana,Concordia
2272.1,877.3,Louisiana,De Soto
1180.2,455.7,Louisiana,East Baton Rouge
1091.6,421.5,Louisiana,East Carroll
1174.4,453.4,Louisiana,East Feliciana
1720.6,664.3,Louisiana,Evangeline
1614.7,623.4,Louisiana,Franklin
1670.9,645.1,Louisiana,Grant
1489.7,575.2,Louisiana,Iberia
1602.4,618.7,Louisiana,Iberville
1476.2,570,Louisiana,Jackson
792.3,305.9,Louisiana,Jefferson
1689.6,652.4,Louisiana,Jefferson Davis
699,269.9,Louisiana,Lafayette
2809.7,1084.8,Louisiana,Lafourche
1615.9,623.9,Louisiana,La Salle
1220.9,471.4,Louisiana,Lincoln
1678.5,648.1,Louisiana,Livingston
1616.5,624.1,Louisiana,Madison
2057.3,794.3,Louisiana,Morehouse
3254.1,1256.4,Louisiana,Natchitoches
467.9,180.6,Louisiana,Orleans
1582.5,611,Louisiana,Ouachita
2187.6,844.6,Louisiana,Plaquemines
1443.7,557.4,Louisiana,Pointe Coupee
3425.7,1322.7,Louisiana,Rapides
1006.5,388.6,Louisiana,Red River
1446.5,558.5,Louisiana,Richland
2241.2,865.3,Louisiana,Sabine
1204.8,465.2,Louisiana,St. Bernard
734.7,283.7,Louisiana,St. Charles
1057.7,408.4,Louisiana,St. Helena
637.5,246.1,Louisiana,St. James
567,218.9,Louisiana,St. John the Baptist
2405.3,928.7,Louisiana,St. Landry
1916.4,739.9,Louisiana,St. Martin
1587.5,612.9,Louisiana,St. Mary
2213,854.4,Louisiana,St. Tammany
2046.9,790.3,Louisiana,Tangipahoa
1560.6,602.5,Louisiana,Tensas
3250.6,1255.1,Louisiana,Terrebonne
2273.2,877.7,Louisiana,Union
3040.3,1173.9,Louisiana,Vermilion
3440.8,1328.5,Louisiana,Vernon
1734.3,669.6,Louisiana,Washington
1543.5,595.9,Louisiana,Webster
495.3,191.2,Louisiana,West Baton Rouge
930.9,359.4,Louisiana,West Carroll
1051.6,406,Louisiana,West Feliciana
2461.9,950.6,Louisiana,Winn
1218.1,470.3,Maine,Androscoggin
17280.3,6671.9,Maine,Aroostook
2164.2,835.6,Maine,Cumberland
4397.8,1698,Maine,Franklin
4115.8,1589.1,Maine,Hancock
2246.8,867.5,Maine,Kennebec
946.9,365.6,Maine,Knox
1180,455.6,Maine,Lincoln
5382.5,2078.2,Maine,Oxford
8795.7,3396,Maine,Penobscot
10273.3,3966.5,Maine,Piscataquis
657.9,254,Maine,Sagadahoc
10170.5,3926.8,Maine,Somerset
1890.2,729.8,Maine,Waldo
6652.6,2568.6,Maine,Washington
2566.7,991,Maine,York
1101.6,425.3,Maryland,Allegany
1077.3,416,Maryland,Anne Arundel
1550.3,598.6,Maryland,Baltimore
557.4,215.2,Maryland,Calvert
829.2,320.2,Maryland,Caroline
1163.3,449.2,Maryland,Carroll
901.7,348.2,Maryland,Cecil
1194.2,461.1,Maryland,Charles
1444.1,557.6,Maryland,Dorchester
1717,662.9,Maryland,Frederick
1678.7,648.1,Maryland,Garrett
1140.6,440.4,Maryland,Harford
653.1,252.2,Maryland,Howard
723.8,279.4,Maryland,Kent
1280.9,494.6,Maryland,Montgomery
1259.8,486.4,Maryland,Prince George's
964.1,372.2,Maryland,Queen Anne's
935.7,361.3,Maryland,St. Mary's
847.5,327.2,Maryland,Somerset
697.2,269.2,Maryland,Talbot
1186.6,458.2,Maryland,Washington
977,377.2,Maryland,Wicomico
1225.7,473.2,Maryland,Worcester
209.3,80.8,Maryland,Baltimore city
1025,395.8,Massachusetts,Barnstable
2412.3,931.4,Massachusetts,Berkshire
1440.1,556,Massachusetts,Bristol
268.9,103.8,Massachusetts,Dukes
1290,498.1,Massachusetts,Essex
1818.6,702.1,Massachusetts,Franklin
1602,618.5,Massachusetts,Hampden
1370.2,529,Massachusetts,Hampshire
2133,823.5,Massachusetts,Middlesex
123.8,47.8,Massachusetts,Nantucket
1035,399.6,Massachusetts,Norfolk
1710.9,660.6,Massachusetts,Plymouth
151.6,58.5,Massachusetts,Suffolk
3919.1,1513.2,Massachusetts,Worcester
1746.9,674.5,Michigan,Alcona
2377.5,917.9,Michigan,Alger
2143.3,827.5,Michigan,Allegan
1487.1,574.2,Michigan,Alpena
1235.3,476.9,Michigan,Antrim
950.2,366.9,Michigan,Arenac
2341.8,904.2,Michigan,Baraga
1440.5,556.2,Michigan,Barry
1150.6,444.3,Michigan,Bay
832.3,321.3,Michigan,Benzie
1479,571,Michigan,Berrien
1314.2,507.4,Michigan,Branch
1836,708.9,Michigan,Calhoun
1274.9,492.2,Michigan,Cass
1079.6,416.9,Michigan,Charlevoix
1853.4,715.6,Michigan,Cheboygan
4043.2,1561.1,Michigan,Chippewa
1468.2,566.9,Michigan,Clare
1480.1,571.5,Michigan,Clinton
1445.6,558.2,Michigan,Crawford
3030.8,1170.2,Michigan,Delta
1985,766.4,Michigan,Dickinson
1493.3,576.5,Michigan,Eaton
1212,468,Michigan,Emmet
1656.7,639.7,Michigan,Genesee
1312.7,506.8,Michigan,Gladwin
2854,1101.9,Michigan,Gogebic
1204.6,465.1,Michigan,Grand Traverse
1476.7,570.2,Michigan,Gratiot
1551,598.9,Michigan,Hillsdale
2620.4,1011.7,Michigan,Houghton
2166.8,836.6,Michigan,Huron
1448.4,559.2,Michigan,Ingham
1484.7,573.2,Michigan,Ionia
1422.3,549.1,Michigan,Iosco
3021.2,1166.5,Michigan,Iron
1487.4,574.3,Michigan,Isabella
1830.2,706.6,Michigan,Jackson
1455.3,561.9,Michigan,Kalamazoo
1453.1,561,Michigan,Kalkaska
2217.7,856.2,Michigan,Kent
1401.7,541.2,Michigan,Keweenaw
1470,567.6,Michigan,Lake
1694.7,654.3,Michigan,Lapeer
902.6,348.5,Michigan,Leelanau
1944,750.6,Michigan,Lenawee
1472.2,568.4,Michigan,Livingston
2338.9,903.1,Michigan,Luce
2646,1021.6,Michigan,Mackinac
1244.3,480.4,Michigan,Macomb
1408.6,543.9,Michigan,Manistee
4717.2,1821.3,Michigan,Marquette
1282.5,495.2,Michigan,Mason
1439.5,555.8,Michigan,Mecosta
2703.1,1043.7,Michigan,Menominee
1350,521.2,Michigan,Midland
1468,566.8,Michigan,Missaukee
1427.4,551.1,Michigan,Monroe
1833.9,708.1,Michigan,Montcalm
1418.4,547.6,Michigan,Montmorency
1318.8,509.2,Michigan,Muskegon
2181.9,842.4,Michigan,Newaygo
2260.3,872.7,Michigan,Oakland
1399.9,540.5,Michigan,Oceana
1461.7,564.4,Michigan,Ogemaw
3397.1,1311.6,Michigan,Ontonagon
1466.2,566.1,Michigan,Osceola
1463.4,565,Michigan,Oscoda
1332.8,514.6,Michigan,Otsego
1465.2,565.7,Michigan,Ottawa
1709.5,660.1,Michigan,Presque Isle
1350.5,521.4,Michigan,Roscommon
2095.2,809,Michigan,Saginaw
1876.3,724.5,Michigan,St. Clair
1304.7,503.7,Michigan,St. Joseph
2496.4,963.9,Michigan,Sanilac
3051.5,1178.2,Michigan,Schoolcraft
1395.6,538.8,Michigan,Shiawassee
2104.6,812.6,Michigan,Tuscola
1582.5,611,Michigan,Van Buren
1839.1,710.1,Michigan,Washtenaw
1590.6,614.1,Michigan,Wayne
1464.8,565.5,Michigan,Wexford
4712.2,1819.4,Minnesota,Aitkin
1098.1,424,Minnesota,Anoka
3394.2,1310.5,Minnesota,Becker
6488.9,2505.4,Minnesota,Beltrami
1057.5,408.3,Minnesota,Benton
1287.2,497,Minnesota,Big Stone
1948.7,752.4,Minnesota,Blue Earth
1582.2,610.9,Minnesota,Brown
2228.4,860.4,Minnesota,Carlton
924.9,357.1,Minnesota,Carver
5225.8,2017.7,Minnesota,Cass
1509.5,582.8,Minnesota,Chippewa
1081.8,417.7,Minnesota,Chisago
2707.3,1045.3,Minnesota,Clay
2576.4,994.8,Minnesota,Clearwater
3757.4,1450.7,Minnesota,Cook
1657.6,640,Minnesota,Cottonwood
2581.4,996.7,Minnesota,Crow Wing
1475.6,569.7,Minnesota,Dakota
1138.4,439.5,Minnesota,Dodge
1642.9,634.3,Minnesota,Douglas
1848.4,713.7,Minnesota,Faribault
2230.7,861.3,Minnesota,Fillmore
1832.9,707.7,Minnesota,Freeborn
1964.7,758.6,Minnesota,Goodhue
1415.3,546.5,Minnesota,Grant
1441.7,556.6,Minnesota,Hennepin
1446.4,558.4,Minnesota,Houston
2389.4,922.6,Minnesota,Hubbard
1137.2,439.1,Minnesota,Isanti
6903.1,2665.3,Minnesota,Itasca
1818,701.9,Minnesota,Jackson
1359.6,525,Minnesota,Kanabec
2062.2,796.2,Minnesota,Kandiyohi
2841.5,1097.1,Minnesota,Kittson
8035.2,3102.4,Minnesota,Koochiching
1981.1,764.9,Minnesota,Lac qui Parle
5437.4,2099.4,Minnesota,Lake
3358.5,1296.7,Minnesota,Lake of the Woods
1161.7,448.5,Minnesota,Le Sueur
1391,537.1,Minnesota,Lincoln
1849.9,714.2,Minnesota,Lyon
1274.1,491.9,Minnesota,McLeod
1440.5,556.2,Minnesota,Mahnomen
4590.2,1772.3,Minnesota,Marshall
1837.3,709.4,Minnesota,Martin
1576.2,608.6,Minnesota,Meeker
1487.9,574.5,Minnesota,Mille Lacs
2912.6,1124.5,Minnesota,Morrison
1842.9,711.5,Minnesota,Mower
1824.6,704.5,Minnesota,Murray
1171.5,452.3,Minnesota,Nicollet
1853,715.5,Minnesota,Nobles
2269.6,876.3,Minnesota,Norman
1691.4,653,Minnesota,Olmsted
5127.8,1979.8,Minnesota,Otter Tail
1596.9,616.6,Minnesota,Pennington
3654.9,1411.2,Minnesota,Pine
1206.7,465.9,Minnesota,Pipestone
5103.6,1970.5,Minnesota,Polk
1735.8,670.2,Minnesota,Pope
403.6,155.8,Minnesota,Ramsey
1120,432.4,Minnesota,Red Lake
2278.9,879.9,Minnesota,Redwood
2545.9,983,Minnesota,Renville
1288.7,497.6,Minnesota,Rice
1250,482.6,Minnesota,Rock
4306,1662.6,Minnesota,Roseau
16124.5,6225.7,Minnesota,St. Louis
924.1,356.8,Minnesota,Scott
1130.7,436.6,Minnesota,Sherburne
1524.6,588.7,Minnesota,Sibley
3482.5,1344.6,Minnesota,Stearns
1112.6,429.6,Minnesota,Steele
1455.8,562.1,Minnesota,Stevens
1925.8,743.6,Minnesota,Swift
2439.9,942.1,Minnesota,Todd
1487,574.1,Minnesota,Traverse
1359.9,525,Minnesota,Wabasha
1386.8,535.5,Minnesota,Wadena
1096.3,423.3,Minnesota,Waseca
1014.6,391.7,Minnesota,Washington
1125.4,434.5,Minnesota,Watonwan
1946.3,751.5,Minnesota,Wilkin
1622.2,626.3,Minnesota,Winona
1711.6,660.8,Minnesota,Wright
1963.2,758,Minnesota,Yellow Medicine
1192.2,460.3,Mississippi,Adams
1035.9,400,Mississippi,Alcorn
1889.8,729.7,Mississippi,Amite
1904.1,735.2,Mississippi,Attala
1053.7,406.8,Mississippi,Benton
2269.7,876.3,Mississippi,Bolivar
1519.2,586.6,Mississippi,Calhoun
1625.9,627.8,Mississippi,Carroll
1299.1,501.6,Mississippi,Chickasaw
1085.5,419.1,Mississippi,Choctaw
1260.9,486.8,Mississippi,Claiborne
1790.5,691.3,Mississippi,Clarke
1058.1,408.6,Mississippi,Clay
1435.4,554.2,Mississippi,Coahoma
2011.6,776.7,Mississippi,Copiah
1071.8,413.8,Mississippi,Covington
1238.7,478.3,Mississippi,De Soto
1208.8,466.7,Mississippi,Forrest
1462.4,564.6,Mississippi,Franklin
1238.8,478.3,Mississippi,George
1846.5,712.9,Mississippi,Greene
1092.8,421.9,Mississippi,Grenada
1235.2,476.9,Mississippi,Hancock
1504.8,581,Mississippi,Harrison
2251.4,869.3,Mississippi,Hinds
1958.2,756.1,Mississippi,Holmes
1082.9,418.1,Mississippi,Humphreys
1069.7,413,Mississippi,Issaquena
1378.9,532.4,Mississippi,Itawamba
1882,726.6,Mississippi,Jackson
1751,676,Mississippi,Jasper
1345.3,519.4,Mississippi,Jefferson
1057.9,408.4,Mississippi,Jefferson Davis
1797.2,693.9,Mississippi,Jones
1984.4,766.2,Mississippi,Kemper
1634.7,631.2,Mississippi,Lafayette
1288.3,497.4,Mississippi,Lamar
1822.2,703.6,Mississippi,Lauderdale
1115.4,430.6,Mississippi,Lawrence
1509.3,582.7,Mississippi,Leake
1164.6,449.7,Mississippi,Lee
1533.2,592,Mississippi,Leflore
1517.1,585.8,Mississippi,Lincoln
1301,502.3,Mississippi,Lowndes
1862.6,719.1,Mississippi,Madison
1404.8,542.4,Mississippi,Marion
1829.6,706.4,Mississippi,Marshall
1979.4,764.2,Mississippi,Monroe
1053.8,406.9,Mississippi,Montgomery
1476.4,570,Mississippi,Neshoba
1497.2,578.1,Mississippi,Newton
1799.7,694.9,Mississippi,Noxubee
1185.6,457.8,Mississippi,Oktibbeha
1772.2,684.3,Mississippi,Panola
2101.9,811.5,Mississippi,Pearl River
1676.3,647.2,Mississippi,Perry
1059.1,408.9,Mississippi,Pike
1288.3,497.4,Mississippi,Pontotoc
1074.8,415,Mississippi,Prentiss
1048.6,404.9,Mississippi,Quitman
2006.2,774.6,Mississippi,Rankin
1577.7,609.1,Mississippi,Scott
1107.9,427.7,Mississippi,Sharkey
1524.9,588.8,Mississippi,Simpson
1647,635.9,Mississippi,Smith
1153.6,445.4,Mississippi,Stone
1797,693.8,Mississippi,Sunflower
1667.9,644,Mississippi,Tallahatchie
1047.7,404.5,Mississippi,Tate
1186.1,457.9,Mississippi,Tippah
1098.6,424.2,Mississippi,Tishomingo
1178,454.8,Mississippi,Tunica
1076.2,415.5,Mississippi,Union
1046,403.8,Mississippi,Walthall
1519.5,586.7,Mississippi,Warren
1875.2,724,Mississippi,Washington
2098.9,810.4,Mississippi,Wayne
1095.2,422.8,Mississippi,Webster
1752.8,676.8,Mississippi,Wilkinson
1572.2,607,Mississippi,Winston
1209.9,467.2,Mississippi,Yalobusha
2381.7,919.6,Mississippi,Yazoo
1470.4,567.7,Missouri,Adair
1127.2,435.2,Missouri,Andrew
1410.9,544.7,Missouri,Atchison
1795.8,693.4,Missouri,Audrain
2018,779.1,Missouri,Barry
1539.4,594.3,Missouri,Barton
2197.7,848.5,Missouri,Bates
1827.4,705.6,Missouri,Benton
1607.8,620.8,Missouri,Bollinger
1775.1,685.4,Missouri,Boone
1061.3,409.8,Missouri,Buchanan
1806.7,697.6,Missouri,Butler
1112.1,429.4,Missouri,Caldwell
2173.3,839.1,Missouri,Callaway
1697.1,655.2,Missouri,Camden
1498.7,578.7,Missouri,Cape Girardeau
1799,694.6,Missouri,Carroll
1314.7,507.6,Missouri,Carter
1810.7,699.1,Missouri,Cass
1232.8,476,Missouri,Cedar
1957.8,755.9,Missouri,Chariton
1458.7,563.2,Missouri,Christian
1314,507.3,Missouri,Clark
1026.8,396.5,Missouri,Clay
1084.7,418.8,Missouri,Clinton
1014.1,391.6,Missouri,Cole
1463.5,565.1,Missouri,Cooper
1923.3,742.6,Missouri,Crawford
1270.1,490.4,Missouri,Dade
1402.7,541.6,Missouri,Dallas
1468.5,567,Missouri,Daviess
1098.7,424.2,Missouri,DeKalb
1951.8,753.6,Missouri,Dent
2109.8,814.6,Missouri,Douglas
1413.2,545.6,Missouri,Dunklin
2388.2,922.1,Missouri,Franklin
1345.5,519.5,Missouri,Gasconade
1273.1,491.6,Missouri,Gentry
1748.3,675,Missouri,Greene
1128.9,435.9,Missouri,Grundy
1878.2,725.2,Missouri,Harrison
1819.5,702.5,Missouri,Henry
1032.5,398.7,Missouri,Hickory
1196.3,461.9,Missouri,Holt
1206.3,465.8,Missouri,Howard
2403.1,927.8,Missouri,Howell
1428.2,551.4,Missouri,Iron
1566.5,604.8,Missouri,Jackson
1657.1,639.8,Missouri,Jasper
1701.2,656.8,Missouri,Jefferson
2151.3,830.6,Missouri,Johnson
1309.8,505.7,Missouri,Knox
1983.6,765.9,Missouri,Laclede
1630.1,629.4,Missouri,Lafayette
1588,613.1,Missouri,Lawrence
1308.1,505.1,Missouri,Lewis
1633,630.5,Missouri,Lincoln
1606.8,620.4,Missouri,Linn
1384.7,534.6,Missouri,Livingston
1397.4,539.5,Missouri,McDonald
2081.9,803.8,Missouri,Macon
1286.6,496.8,Missouri,Madison
1367,527.8,Missouri,Maries
1134.7,438.1,Missouri,Marion
1177,454.5,Missouri,Mercer
1534,592.3,Missouri,Miller
1070.1,413.2,Missouri,Mississippi
1078.8,416.5,Missouri,Moniteau
1673.2,646,Missouri,Monroe
1395.3,538.7,Missouri,Montgomery
1547.5,597.5,Missouri,Morgan
1756.2,678.1,Missouri,New Madrid
1622.6,626.5,Missouri,Newton
2270.6,876.7,Missouri,Nodaway
2049.9,791.5,Missouri,Oregon
1569.9,606.1,Missouri,Osage
1934.3,746.8,Missouri,Ozark
1277.2,493.1,Missouri,Pemiscot
1229.5,474.7,Missouri,Perry
1774.2,685,Missouri,Pettis
1742.8,672.9,Missouri,Phelps
1742.9,672.9,Missouri,Pike
1088.8,420.4,Missouri,Platte
1650.5,637.2,Missouri,Polk
1416.9,547.1,Missouri,Pulaski
1341.5,518,Missouri,Putnam
1220,471,Missouri,Ralls
1249.5,482.4,Missouri,Randolph
1475,569.5,Missouri,Ray
2101.1,811.3,Missouri,Reynolds
1630.4,629.5,Missouri,Ripley
1454.1,561.4,Missouri,St. Charles
1752.7,676.7,Missouri,St. Clair
1301.3,502.4,Missouri,Ste. Genevieve
1164.2,449.5,Missouri,St. Francois
1315.1,507.8,Missouri,St. Louis
1957,755.6,Missouri,Saline
797.5,307.9,Missouri,Schuyler
1135.7,438.5,Missouri,Scotland
1090.5,421,Missouri,Scott
2600.1,1003.9,Missouri,Shannon
1297.4,500.9,Missouri,Shelby
2142.4,827.2,Missouri,Stoddard
1199.9,463.3,Missouri,Stone
1686.1,651,Missouri,Sullivan
1638,632.4,Missouri,Taney
3052.7,1178.6,Missouri,Texas
2160.1,834,Missouri,Vernon
1118.1,431.7,Missouri,Warren
1968,759.8,Missouri,Washington
1971.2,761.1,Missouri,Wayne
1536.9,593.4,Missouri,Webster
690.3,266.5,Missouri,Worth
1767.3,682.3,Missouri,Wright
160.4,61.9,Missouri,St. Louis city
14355.4,5542.6,Montana,Beaverhead
12936.7,4994.9,Montana,Big Horn
10946,4226.2,Montana,Blaine
3085.9,1191.5,Montana,Broadwater
5304.5,2048.1,Montana,Carbon
8649.8,3339.7,Montana,Carter
6987.9,2698,Montana,Cascade
10291.2,3973.4,Montana,Chouteau
9798.7,3783.3,Montana,Custer
3693.7,1426.1,Montana,Daniels
6146.8,2373.3,Montana,Dawson
1908.7,736.9,Montana,Deer Lodge
4196.8,1620.4,Montana,Fallon
11238.8,4339.3,Montana,Fergus
13205.4,5098.6,Montana,Flathead
6492.8,2506.9,Montana,Gallatin
12090.6,4668.2,Montana,Garfield
7756.4,2994.7,Montana,Glacier
3044.1,1175.3,Montana,Golden Valley
4474.3,1727.5,Montana,Granite
7501.6,2896.4,Montana,Hill
4290.9,1656.7,Montana,Jefferson
4843,1869.9,Montana,Judith Basin
3869,1493.8,Montana,Lake
8964.1,3461,Montana,Lewis and Clark
3703.2,1429.8,Montana,Liberty
9357.1,3612.8,Montana,Lincoln
6844.3,2642.6,Montana,McCone
9289.4,3586.6,Montana,Madison
6194.9,2391.9,Montana,Meagher
3159.5,1219.9,Montana,Mineral
6729.4,2598.2,Montana,Missoula
4836,1867.2,Montana,Musselshell
6879.5,2656.2,Montana,Park
4283.7,1653.9,Montana,Petroleum
13312.3,5139.9,Montana,Phillips
4207.9,1624.7,Montana,Pondera
8539.9,3297.3,Montana,Powder River
6024.3,2326,Montana,Powell
4497.8,1736.6,Montana,Prairie
6201.2,2394.3,Montana,Ravalli
5398,2084.2,Montana,Richland
6101.1,2355.7,Montana,Roosevelt
12982.1,5012.4,Montana,Rosebud
7154.3,2762.3,Montana,Sanders
4342.5,1676.7,Montana,Sheridan
1860.5,718.3,Montana,Silver Bow
4648.4,1794.7,Montana,Stillwater
4804.9,1855.2,Montana,Sweet Grass
5886,2272.6,Montana,Teton
4949.3,1910.9,Montana,Toole
2535.4,978.9,Montana,Treasure
12745.2,4920.9,Montana,Valley
3686,1423.2,Montana,Wheatland
2303.4,889.3,Montana,Wibaux
6825.2,2635.2,Montana,Yellowstone
635.6,245.4,Montana,Yellowstone National Park
1459.3,563.4,Nebraska,Adams
2220,857.1,Nebraska,Antelope
1852.9,715.4,Nebraska,Arthur
1932.9,746.3,Nebraska,Banner
1840.9,710.8,Nebraska,Blaine
1778.7,686.7,Nebraska,Boone
2785.2,1075.4,Nebraska,Box Butte
1398.8,540.1,Nebraska,Boyd
3163.3,1221.4,Nebraska,Brown
2507.3,968.1,Nebraska,Buffalo
1276.3,492.8,Nebraska,Burt
1511.6,583.6,Nebraska,Butler
1448.6,559.3,Nebraska,Cass
1917.3,740.3,Nebraska,Cedar
2316.8,894.5,Nebraska,Chase
15438.3,5960.7,Nebraska,Cherry
3098.8,1196.4,Nebraska,Cheyenne
1484.2,573.1,Nebraska,Clay
1070.1,413.2,Nebraska,Colfax
1481.6,572,Nebraska,Cuming
6671.4,2575.8,Nebraska,Custer
683.7,264,Nebraska,Dakota
3616.4,1396.3,Nebraska,Dawes
2623.5,1012.9,Nebraska,Dawson
1139.4,439.9,Nebraska,Deuel
1233.9,476.4,Nebraska,Dixon
1384.3,534.5,Nebraska,Dodge
857.4,331,Nebraska,Douglas
2382.6,919.9,Nebraska,Dundy
1493.1,576.5,Nebraska,Fillmore
1491.7,575.9,Nebraska,Franklin
2524.2,974.6,Nebraska,Frontier
1859.9,718.1,Nebraska,Furnas
2215.3,855.3,Nebraska,Gage
4414.8,1704.6,Nebraska,Garden
1476.4,570.1,Nebraska,Garfield
1186.7,458.2,Nebraska,Gosper
2010.5,776.3,Nebraska,Grant
1476,569.9,Nebraska,Greeley
1415.3,546.4,Nebraska,Hall
1408.1,543.7,Nebraska,Hamilton
1431.7,552.8,Nebraska,Harlan
1847.1,713.1,Nebraska,Hayes
1839.1,710.1,Nebraska,Hitchcock
6249.2,2412.8,Nebraska,Holt
1867.9,721.2,Nebraska,Hooker
1475,569.5,Nebraska,Howard
1484.2,573.1,Nebraska,Jefferson
974.3,376.2,Nebraska,Johnson
1336.6,516.1,Nebraska,Kearney
2748.9,1061.3,Nebraska,Keith
2002.9,773.3,Nebraska,Keya Paha
2465.1,951.8,Nebraska,Kimball
2870.3,1108.2,Nebraska,Knox
2172.7,838.9,Nebraska,Lancaster
6641.2,2564.2,Nebraska,Lincoln
1478.1,570.7,Nebraska,Logan
1475.6,569.7,Nebraska,Loup
2224.9,859,Nebraska,McPherson
1483.1,572.6,Nebraska,Madison
1255.2,484.6,Nebraska,Merrick
3687.8,1423.9,Nebraska,Morrill
1143.1,441.3,Nebraska,Nance
1060.1,409.3,Nebraska,Nemaha
1490.1,575.3,Nebraska,Nuckolls
1595.1,615.9,Nebraska,Otoe
1118.1,431.7,Nebraska,Pawnee
2287.4,883.2,Nebraska,Perkins
1398.6,540,Nebraska,Phelps
1486.6,574,Nebraska,Pierce
1756.2,678.1,Nebraska,Platte
1137.3,439.1,Nebraska,Polk
1856.2,716.7,Nebraska,Red Willow
1433.5,553.5,Nebraska,Richardson
2612,1008.5,Nebraska,Rock
1490.2,575.4,Nebraska,Saline
623.3,240.7,Nebraska,Sarpy
1953,754.1,Nebraska,Saunders
1914.9,739.3,Nebraska,Scotts Bluff
1488.7,574.8,Nebraska,Seward
6322.7,2441.2,Nebraska,Sheridan
1465.6,565.9,Nebraska,Sherman
5352.7,2066.7,Nebraska,Sioux
1113.3,429.9,Nebraska,Stanton
1488.2,574.6,Nebraska,Thayer
1846.4,712.9,Nebraska,Thomas
1020,393.8,Nebraska,Thurston
1471.5,568.1,Nebraska,Valley
1011.3,390.5,Nebraska,Washington
1148.6,443.5,Nebraska,Wayne
1489,574.9,Nebraska,Webster
1489.8,575.2,Nebraska,Wheeler
1491,575.7,Nebraska,York
12767,4929.3,Nevada,Churchill
20488.7,7910.7,Nevada,Clark
1838.6,709.9,Nevada,Douglas
44500.2,17181.6,Nevada,Elko
9294.7,3588.7,Nevada,Esmeralda
10815.8,4176,Nevada,Eureka
24989.2,9648.3,Nevada,Humboldt
14228.3,5493.5,Nevada,Lander
27543.8,10634.7,Nevada,Lincoln
5163.9,1993.8,Nevada,Lyon
9729.6,3756.6,Nevada,Mineral
47001.4,18147.2,Nevada,Nye
15563.6,6009.1,Nevada,Pershing
682.4,263.5,Nevada,Storey
16427,6342.5,Nevada,Washoe
22990.3,8876.6,Nevada,White Pine
371.8,143.5,Nevada,Carson City
1039.4,401.3,New Hampshire,Belknap
2418.8,933.9,New Hampshire,Carroll
1832.4,707.5,New Hampshire,Cheshire
4663.7,1800.6,New Hampshire,Coos
4438,1713.5,New Hampshire,Grafton
2270.1,876.5,New Hampshire,Hillsborough
2420.4,934.5,New Hampshire,Merrimack
1800.7,695.2,New Hampshire,Rockingham
955.3,368.8,New Hampshire,Strafford
1392,537.4,New Hampshire,Sullivan
1453.4,561.2,New Jersey,Atlantic
606.6,234.2,New Jersey,Bergen
2084.4,804.8,New Jersey,Burlington
575.8,222.3,New Jersey,Camden
661,255.2,New Jersey,Cape May
1267.3,489.3,New Jersey,Cumberland
327.1,126.3,New Jersey,Essex
841.4,324.9,New Jersey,Gloucester
120.8,46.7,New Jersey,Hudson
1113.9,430.1,New Jersey,Hunterdon
585.2,226,New Jersey,Mercer
804.5,310.6,New Jersey,Middlesex
1222.1,471.9,New Jersey,Monmouth
1214.9,469.1,New Jersey,Morris
1648.1,636.3,New Jersey,Ocean
479.3,185,New Jersey,Passaic
875,337.8,New Jersey,Salem
789.2,304.7,New Jersey,Somerset
1350,521.2,New Jersey,Sussex
267.5,103.3,New Jersey,Union
927,357.9,New Jersey,Warren
3020.4,1166.2,New Mexico,Bernalillo
17944.2,6928.3,New Mexico,Catron
15724.9,6071.4,New Mexico,Chaves
11757.5,4539.6,New Mexico,Cibola
9730.4,3756.9,New Mexico,Colfax
3641.7,1406.1,New Mexico,Curry
6021.9,2325.1,New Mexico,DeBaca
9861.3,3807.4,New Mexico,Dona Ana
10832,4182.2,New Mexico,Eddy
10272.4,3966.2,New Mexico,Grant
7849.2,3030.6,New Mexico,Guadalupe
5505,2125.5,New Mexico,Harding
8924.9,3445.9,New Mexico,Hidalgo
11378.6,4393.3,New Mexico,Lea
12513.4,4831.4,New Mexico,Lincoln
283.2,109.4,New Mexico,Los Alamos
7680.2,2965.3,New Mexico,Luna
14113.2,5449.1,New Mexico,McKinley
5001.9,1931.2,New Mexico,Mora
17163.8,6626.9,New Mexico,Otero
7446.6,2875.1,New Mexico,Quay
15172.4,5858.1,New Mexico,Rio Arriba
6342.1,2448.7,New Mexico,Roosevelt
9608,3709.7,New Mexico,Sandoval
14282.3,5514.4,New Mexico,San Juan
12218.1,4717.4,New Mexico,San Miguel
4945.2,1909.4,New Mexico,Santa Fe
10827.5,4180.5,New Mexico,Sierra
17215.9,6647.1,New Mexico,Socorro
5706.6,2203.3,New Mexico,Taos
8663.8,3345.1,New Mexico,Torrance
9920.3,3830.2,New Mexico,Union
2765.2,1067.6,New Mexico,Valencia
1356.6,523.8,New York,Albany
2668.4,1030.3,New York,Allegany
1830.8,706.9,New York,Broome
3392.7,1309.9,New York,Cattaraugus
1795.6,693.3,New York,Cayuga
2751,1062.1,New York,Chautauqua
1057.2,408.2,New York,Chemung
2316.5,894.4,New York,Chenango
2692.1,1039.4,New York,Clinton
1646.7,635.8,New York,Columbia
1294.2,499.7,New York,Cortland
3746.3,1446.4,New York,Delaware
2076.3,801.7,New York,Dutchess
2705.7,1044.7,New York,Erie
4654.1,1797,New York,Essex
4225.9,1631.6,New York,Franklin
1285.1,496.2,New York,Fulton
1279.8,494.1,New York,Genesee
1677.9,647.9,New York,Greene
4456.6,1720.7,New York,Hamilton
3656.7,1411.8,New York,Herkimer
3295.3,1272.3,New York,Jefferson
3303.7,1275.6,New York,Lewis
1637.3,632.2,New York,Livingston
1698.7,655.9,New York,Madison
1707.6,659.3,New York,Monroe
1048.5,404.8,New York,Montgomery
742.7,286.8,New York,Nassau
800.2,308.9,New York,New York City
1354.5,523,New York,Niagara
3141,1212.8,New York,Oneida
2021,780.3,New York,Onondaga
1669,644.4,New York,Ontario
2114.4,816.4,New York,Orange
1013.8,391.4,New York,Orleans
2469.1,953.3,New York,Oswego
2597.6,1002.9,New York,Otsego
599.7,231.5,New York,Putnam
1693.9,654,New York,Rensselaer
451.2,174.2,New York,Rockland
6956,2685.7,New York,St. Lawrence
2102.8,811.9,New York,Saratoga
533.9,206.1,New York,Schenectady
1610.6,621.8,New York,Schoharie
851.4,328.7,New York,Schuyler
841.6,324.9,New York,Seneca
3607.2,1392.7,New York,Steuben
2360.1,911.2,New York,Suffolk
2511.8,969.8,New York,Sullivan
1343.5,518.7,New York,Tioga
1233,476.1,New York,Tompkins
2917.8,1126.6,New York,Ulster
2252.6,869.7,New York,Warren
2164,835.5,New York,Washington
1565,604.2,New York,Wayne
1121.2,432.9,New York,Westchester
1535.8,593,New York,Wyoming
876.1,338.2,New York,Yates
1115.5,430.7,North Carolina,Alamance
674.2,260.3,North Carolina,Alexander
607.8,234.7,North Carolina,Alleghany
1376.9,531.6,North Carolina,Anson
1103.8,426.2,North Carolina,Ashe
639.8,247,North Carolina,Avery
2143.5,827.6,North Carolina,Beaufort
1811,699.2,North Carolina,Bertie
2266.3,875,North Carolina,Bladen
2214.2,854.9,North Carolina,Brunswick
1699.8,656.3,North Carolina,Buncombe
1312.5,506.7,North Carolina,Burke
943.9,364.4,North Carolina,Cabarrus
1221.6,471.7,North Carolina,Caldwell
623.4,240.7,North Carolina,Camden
1376.3,531.4,North Carolina,Carteret
1102.6,425.7,North Carolina,Caswell
1036,400,North Carolina,Catawba
1769.2,683.1,North Carolina,Chatham
1179,455.2,North Carolina,Cherokee
447.1,172.6,North Carolina,Chowan
556.1,214.7,North Carolina,Clay
1202.6,464.3,North Carolina,Cleveland
2426.4,936.8,North Carolina,Columbus
1801.5,695.6,North Carolina,Craven
1691.6,653.1,North Carolina,Cumberland
677.8,261.7,North Carolina,Currituck
988.5,381.7,North Carolina,Dare
1430.3,552.2,North Carolina,Davidson
686.9,265.2,North Carolina,Davie
2118.2,817.8,North Carolina,Duplin
752.7,290.6,North Carolina,Durham
1308.1,505.1,North Carolina,Edgecombe
1061,409.7,North Carolina,Forsyth
1273.2,491.6,North Carolina,Franklin
923.4,356.5,North Carolina,Gaston
882.2,340.6,North Carolina,Gates
756.5,292.1,North Carolina,Graham
1375.7,531.2,North Carolina,Granville
687.5,265.4,North Carolina,Greene
1683.8,650.1,North Carolina,Guilford
1878.9,725.4,North Carolina,Halifax
1541.2,595,North Carolina,Harnett
1434.5,553.9,North Carolina,Haywood
968.3,373.8,North Carolina,Henderson
916,353.7,North Carolina,Hertford
1013.3,391.2,North Carolina,Hoke
1587.2,612.8,North Carolina,Hyde
1487.7,574.4,North Carolina,Iredell
1270.6,490.6,North Carolina,Jackson
2051.2,792,North Carolina,Johnston
1225.9,473.3,North Carolina,Jones
666.4,257.3,North Carolina,Lee
1035.7,399.9,North Carolina,Lenoir
773.9,298.8,North Carolina,Lincoln
1144,441.7,North Carolina,McDowell
1337.6,516.5,North Carolina,Macon
1164.1,449.4,North Carolina,Madison
1198.1,462.6,North Carolina,Martin
1366,527.4,North Carolina,Mecklenburg
573.6,221.5,North Carolina,Mitchell
1271.8,491.1,North Carolina,Montgomery
1809.8,698.8,North Carolina,Moore
1399.4,540.3,North Carolina,Nash
515.3,198.9,North Carolina,New Hanover
1388.6,536.1,North Carolina,Northampton
1986.2,766.9,North Carolina,Onslow
1035.5,399.8,North Carolina,Orange
872.7,336.9,North Carolina,Pamlico
587.7,226.9,North Carolina,Pasquotank
2255.2,870.7,North Carolina,Pender
640.2,247.2,North Carolina,Perquimans
1016.2,392.3,North Carolina,Person
1687.7,651.6,North Carolina,Pitt
616,237.8,North Carolina,Polk
2039.5,787.5,North Carolina,Randolph
1227.8,474,North Carolina,Richmond
2457.7,948.9,North Carolina,Robeson
1467.2,566.5,North Carolina,Rockingham
1324.5,511.4,North Carolina,Rowan
1461.3,564.2,North Carolina,Rutherford
2448.9,945.5,North Carolina,Sampson
826.6,319.2,North Carolina,Scotland
1023.3,395.1,North Carolina,Stanly
1170.3,451.9,North Carolina,Stokes
1389.7,536.6,North Carolina,Surry
1367.9,528.1,North Carolina,Swain
979.9,378.4,North Carolina,Transylvania
1009.9,389.9,North Carolina,Tyrrell
1650.9,637.4,North Carolina,Union
656.7,253.5,North Carolina,Vance
2159.8,833.9,North Carolina,Wake
1110.5,428.7,North Carolina,Warren
900.9,347.8,North Carolina,Washington
809.5,312.5,North Carolina,Watauga
1431.2,552.6,North Carolina,Wayne
1961.2,757.2,North Carolina,Wilkes
961.1,371.1,North Carolina,Wilson
869.2,335.6,North Carolina,Yadkin
809.2,312.4,North Carolina,Yancey
2558.8,988,North Dakota,Adams
3863.7,1491.8,North Dakota,Barnes
3596.4,1388.6,North Dakota,Benson
2982.4,1151.5,North Dakota,Billings
4321.9,1668.7,North Dakota,Bottineau
3009.8,1162.1,North Dakota,Bowman
2858.3,1103.6,North Dakota,Burke
4229.9,1633.2,North Dakota,Burleigh
4573.3,1765.7,North Dakota,Cass
3856.7,1489.1,North Dakota,Cavalier
2929.5,1131.1,North Dakota,Dickey
3261.9,1259.4,North Dakota,Divide
5205.9,2010,North Dakota,Dunn
1637.1,632.1,North Dakota,Eddy
3910.9,1510,North Dakota,Emmons
1645.3,635.3,North Dakota,Foster
2595.2,1002,North Dakota,Golden Valley
3724.1,1437.9,North Dakota,Grand Forks
4298.3,1659.6,North Dakota,Grant
1835.1,708.5,North Dakota,Griggs
2932.7,1132.3,North Dakota,Hettinger
3500.8,1351.6,North Dakota,Kidder
2971.3,1147.2,North Dakota,LaMoure
2571.1,992.7,North Dakota,Logan
4854.2,1874.2,North Dakota,McHenry
2526,975.3,North Dakota,McIntosh
7102.2,2742.2,North Dakota,McKenzie
5466,2110.4,North Dakota,McLean
2707.7,1045.4,North Dakota,Mercer
4989.4,1926.4,North Dakota,Morton
4724.2,1824,North Dakota,Mountrail
2542.6,981.7,North Dakota,Nelson
1874,723.6,North Dakota,Oliver
2897.7,1118.8,North Dakota,Pembina
2636.4,1017.9,North Dakota,Pierce
3072.3,1186.2,North Dakota,Ramsey
2234.6,862.8,North Dakota,Ransom
2265.7,874.8,North Dakota,Renville
3721.6,1436.9,North Dakota,Richland
2337.6,902.5,North Dakota,Rolette
2224.3,858.8,North Dakota,Sargent
2517,971.8,North Dakota,Sheridan
2834,1094.2,North Dakota,Sioux
3154.5,1218,North Dakota,Slope
3466.1,1338.3,North Dakota,Stark
1845.1,712.4,North Dakota,Steele
5753.7,2221.5,North Dakota,Stutsman
2655.7,1025.4,North Dakota,Towner
2232.4,861.9,North Dakota,Traill
3320.4,1282,North Dakota,Walsh
5213.6,2013,North Dakota,Ward
3292.8,1271.4,North Dakota,Wells
5362.7,2070.6,North Dakota,Williams
1512.4,584,Ohio,Adams
1047.6,404.5,Ohio,Allen
1099.2,424.4,Ohio,Ashland
1820,702.7,Ohio,Ashtabula
1312.6,506.8,Ohio,Athens
1039.3,401.3,Ohio,Auglaize
1391.6,537.3,Ohio,Belmont
1273.8,491.8,Ohio,Brown
1210.3,467.3,Ohio,Butler
1022.2,394.7,Ohio,Carroll
1110.1,428.6,Ohio,Champaign
1036.1,400,Ohio,Clark
1170.8,452.1,Ohio,Clermont
1064.2,410.9,Ohio,Clinton
1379.3,532.5,Ohio,Columbiana
1461.1,564.1,Ohio,Coshocton
1042,402.3,Ohio,Crawford
1186.9,458.3,Ohio,Cuyahoga
1553.8,599.9,Ohio,Darke
1065.1,411.2,Ohio,Defiance
1146.2,442.5,Ohio,Delaware
659.2,254.5,Ohio,Erie
1309.9,505.7,Ohio,Fairfield
1053.1,406.6,Ohio,Fayette
1398.5,540,Ohio,Franklin
1053.7,406.8,Ohio,Fulton
1214.2,468.8,Ohio,Gallia
1046.7,404.1,Ohio,Geauga
1074.6,414.9,Ohio,Greene
1352.1,522,Ohio,Guernsey
1055.1,407.4,Ohio,Hamilton
1376.3,531.4,Ohio,Hancock
1218.1,470.3,Ohio,Hardin
1045.2,403.6,Ohio,Harrison
1078.8,416.5,Ohio,Henry
1433.1,553.3,Ohio,Highland
1095,422.8,Ohio,Hocking
1095.6,423,Ohio,Holmes
1277.1,493.1,Ohio,Huron
1088.6,420.3,Ohio,Jackson
1061,409.6,Ohio,Jefferson
1365.3,527.2,Ohio,Knox
591.1,228.2,Ohio,Lake
1179.6,455.4,Ohio,Lawrence
1778.1,686.5,Ohio,Licking
1187.5,458.5,Ohio,Logan
1275.8,492.6,Ohio,Lorain
881.6,340.4,Ohio,Lucas
1205,465.2,Ohio,Madison
1075.5,415.3,Ohio,Mahoning
1046,403.9,Ohio,Marion
1091.8,421.6,Ohio,Medina
1112.3,429.5,Ohio,Meigs
1199.9,463.3,Ohio,Mercer
1054.2,407,Ohio,Miami
1179.9,455.6,Ohio,Monroe
1195.8,461.7,Ohio,Montgomery
1081.8,417.7,Ohio,Morgan
1050.4,405.5,Ohio,Morrow
1721.4,664.6,Ohio,Muskingum
1033.5,399,Ohio,Noble
660.7,255.1,Ohio,Ottawa
1078.2,416.3,Ohio,Paulding
1062,410,Ohio,Perry
1300.6,502.2,Ohio,Pickaway
1143.5,441.5,Ohio,Pike
1275.4,492.4,Ohio,Portage
1100.3,424.8,Ohio,Preble
1253.3,483.9,Ohio,Putnam
1287.3,497,Ohio,Richland
1783.1,688.5,Ohio,Ross
1059.8,409.2,Ohio,Sandusky
1585.9,612.3,Ohio,Scioto
1426.1,550.6,Ohio,Seneca
1060.1,409.3,Ohio,Shelby
1492.3,576.2,Ohio,Stark
1069.2,412.8,Ohio,Summit
1595,615.8,Ohio,Trumbull
1470.1,567.6,Ohio,Tuscarawas
1131,436.7,Ohio,Union
1062.2,410.1,Ohio,Van Wert
1072.5,414.1,Ohio,Vinton
1035.7,399.9,Ohio,Warren
1645.3,635.2,Ohio,Washington
1438.5,555.4,Ohio,Wayne
1092.4,421.8,Ohio,Williams
1599,617.4,Ohio,Wood
1050.6,405.6,Ohio,Wyandot
1491.1,575.7,Oklahoma,Adair
2244.8,866.7,Oklahoma,Alfalfa
2533.9,978.4,Oklahoma,Atoka
4699.5,1814.5,Oklahoma,Beaver
2335.9,901.9,Oklahoma,Beckham
2405,928.6,Oklahoma,Blaine
2353.9,908.9,Oklahoma,Bryan
3311.1,1278.4,Oklahoma,Caddo
2330.7,899.9,Oklahoma,Canadian
2133.8,823.9,Oklahoma,Carter
1945.3,751.1,Oklahoma,Cherokee
2004.6,774,Oklahoma,Choctaw
4753,1835.1,Oklahoma,Cimarron
1388.7,536.2,Oklahoma,Cleveland
1342.3,518.2,Oklahoma,Coal
2769.8,1069.4,Oklahoma,Comanche
1649,636.7,Oklahoma,Cotton
1971.2,761.1,Oklahoma,Craig
2475,955.6,Oklahoma,Creek
2555.2,986.6,Oklahoma,Custer
1918.5,740.7,Oklahoma,Delaware
2590.5,1000.2,Oklahoma,Dewey
3183.7,1229.2,Oklahoma,Ellis
2741.5,1058.5,Oklahoma,Garfield
2095.7,809.2,Oklahoma,Garvin
2851.7,1101,Oklahoma,Grady
2591.6,1000.6,Oklahoma,Grant
1656.1,639.4,Oklahoma,Greer
1393.1,537.9,Oklahoma,Harmon
2691.2,1039.1,Oklahoma,Harper
1494.6,577.1,Oklahoma,Haskell
2089.6,806.8,Oklahoma,Hughes
2079.1,802.8,Oklahoma,Jackson
1965.5,758.9,Oklahoma,Jefferson
1669.4,644.6,Oklahoma,Johnston
2379.7,918.8,Oklahoma,Kay
2338.9,903.1,Oklahoma,Kingfisher
2628,1014.7,Oklahoma,Kiowa
1870.5,722.2,Oklahoma,Latimer
4107.8,1586,Oklahoma,Le Flore
2482.9,958.6,Oklahoma,Lincoln
1928.6,744.6,Oklahoma,Logan
1335,515.4,Oklahoma,Love
1475.5,569.7,Oklahoma,McClain
4797.7,1852.4,Oklahoma,McCurtain
1605.9,620,Oklahoma,McIntosh
2478.1,956.8,Oklahoma,Major
961.2,371.1,Oklahoma,Marshall
1699.5,656.2,Oklahoma,Mayes
1083.5,418.3,Oklahoma,Murray
2107.9,813.9,Oklahoma,Muskogee
1895.8,732,Oklahoma,Noble
1463.3,565,Oklahoma,Nowata
1618.2,624.8,Oklahoma,Okfuskee
1836.7,709.2,Oklahoma,Oklahoma
1805.3,697,Oklahoma,Okmulgee
5830,2251,Oklahoma,Osage
1220.8,471.4,Oklahoma,Ottawa
1475,569.5,Oklahoma,Pawnee
1777.8,686.4,Oklahoma,Payne
3382.5,1306,Oklahoma,Pittsburg
1864,719.7,Oklahoma,Pontotoc
2040.6,787.9,Oklahoma,Pottawatomie
3619.2,1397.4,Oklahoma,Pushmataha
2957.6,1141.9,Oklahoma,Roger Mills
1748.2,675,Oklahoma,Rogers
1638.2,632.5,Oklahoma,Seminole
1745.3,673.9,Oklahoma,Sequoyah
2271.8,877.2,Oklahoma,Stephens
5276.6,2037.3,Oklahoma,Texas
2259.5,872.4,Oklahoma,Tillman
1477.2,570.3,Oklahoma,Tulsa
1458.3,563.1,Oklahoma,Wagoner
1079.7,416.9,Oklahoma,Washington
2599,1003.5,Oklahoma,Washita
3332.4,1286.6,Oklahoma,Woods
3217.8,1242.4,Oklahoma,Woodward
7946.9,3068.3,Oregon,Baker
1752.1,676.5,Oregon,Benton
4838.9,1868.3,Oregon,Clackamas
2142.7,827.3,Oregon,Clatsop
1701,656.8,Oregon,Columbia
4145.4,1600.5,Oregon,Coos
7717,2979.5,Oregon,Crook
4215,1627.4,Oregon,Curry
7817.4,3018.3,Oregon,Deschutes
13045.4,5036.8,Oregon,Douglas
3118.7,1204.1,Oregon,Gilliam
11729.6,4528.8,Oregon,Grant
26249.4,10134.9,Oregon,Harney
1353,522.4,Oregon,Hood River
7214.1,2785.4,Oregon,Jackson
4612.5,1780.9,Oregon,Jefferson
4246.4,1639.5,Oregon,Josephine
15396.5,5944.6,Oregon,Klamath
21073.1,8136.3,Oregon,Lake
11795.3,4554.2,Oregon,Lane
2537.3,979.7,Oregon,Lincoln
5934.8,2291.4,Oregon,Linn
25609.3,9887.7,Oregon,Malheur
3069.1,1185,Oregon,Marion
5265.1,2032.8,Oregon,Morrow
1127.3,435.3,Oregon,Multnomah
1919.4,741.1,Oregon,Polk
2132.3,823.3,Oregon,Sherman
2854.7,1102.2,Oregon,Tillamook
8327.7,3215.3,Oregon,Umatilla
5275,2036.7,Oregon,Union
8146.6,3145.4,Oregon,Wallowa
6167.3,2381.2,Oregon,Wasco
1874.6,723.8,Oregon,Washington
4441.9,1715,Oregon,Wheeler
1853.4,715.6,Oregon,Yamhill
1346.9,520.1,Pennsylvania,Adams
1891.3,730.2,Pennsylvania,Allegheny
1693.8,654,Pennsylvania,Armstrong
1127.3,435.3,Pennsylvania,Beaver
2627.8,1014.6,Pennsylvania,Bedford
2225.4,859.2,Pennsylvania,Berks
1361.9,525.8,Pennsylvania,Blair
2980.4,1150.7,Pennsylvania,Bradford
1573.8,607.6,Pennsylvania,Bucks
2042.4,788.6,Pennsylvania,Butler
1782.1,688.1,Pennsylvania,Cambria
1028.7,397.2,Pennsylvania,Cameron
990.8,382.6,Pennsylvania,Carbon
2868.7,1107.6,Pennsylvania,Centre
1958.1,756,Pennsylvania,Chester
1560.4,602.5,Pennsylvania,Clarion
2971.7,1147.4,Pennsylvania,Clearfield
2307.4,890.9,Pennsylvania,Clinton
1257.6,485.6,Pennsylvania,Columbia
2623.4,1012.9,Pennsylvania,Crawford
1425,550.2,Pennsylvania,Cumberland
1360.6,525.3,Pennsylvania,Dauphin
477.1,184.2,Pennsylvania,Delaware
2146.3,828.7,Pennsylvania,Elk
2077.2,802,Pennsylvania,Erie
2046.4,790.1,Pennsylvania,Fayette
1108.9,428.1,Pennsylvania,Forest
1999.4,772,Pennsylvania,Franklin
1133.4,437.6,Pennsylvania,Fulton
1491.6,575.9,Pennsylvania,Greene
2267.2,875.4,Pennsylvania,Huntingdon
2148.5,829.5,Pennsylvania,Indiana
1697.8,655.5,Pennsylvania,Jefferson
1014.3,391.6,Pennsylvania,Juniata
1188.3,458.8,Pennsylvania,Lackawanna
2458.2,949.1,Pennsylvania,Lancaster
933.7,360.5,Pennsylvania,Lawrence
937.1,361.8,Pennsylvania,Lebanon
897.9,346.7,Pennsylvania,Lehigh
2307.6,891,Pennsylvania,Luzerne
3198.5,1234.9,Pennsylvania,Lycoming
2542.4,981.6,Pennsylvania,Mc Kean
1740.1,671.9,Pennsylvania,Mercer
1063.7,410.7,Pennsylvania,Mifflin
1573,607.3,Pennsylvania,Monroe
1251.3,483.1,Pennsylvania,Montgomery
338.7,130.8,Pennsylvania,Montour
968.3,373.9,Pennsylvania,Northampton
1191.2,459.9,Pennsylvania,Northumberland
1433.7,553.6,Pennsylvania,Perry
350,135.1,Pennsylvania,Philadelphia
1416.9,547.1,Pennsylvania,Pike
2800.4,1081.2,Pennsylvania,Potter
2016.6,778.6,Pennsylvania,Schuylkill
857.9,331.2,Pennsylvania,Snyder
2783.6,1074.8,Pennsylvania,Somerset
1165.4,450,Pennsylvania,Sullivan
2131.6,823,Pennsylvania,Susquehanna
2936.5,1133.8,Pennsylvania,Tioga
820.4,316.8,Pennsylvania,Union
1748.5,675.1,Pennsylvania,Venango
2288.2,883.5,Pennsylvania,Warren
2220,857.1,Pennsylvania,Washington
1889,729.4,Pennsylvania,Wayne
2648.5,1022.6,Pennsylvania,Westmoreland
1028.8,397.2,Pennsylvania,Wyoming
2343,904.6,Pennsylvania,York
63.9,24.7,Rhode Island,Bristol
440.5,170.1,Rhode Island,Kent
269.5,104.1,Rhode Island,Newport
1070.4,413.3,Rhode Island,Providence
862.2,332.9,Rhode Island,Washington
1315.8,508,South Carolina,Abbeville
2779.3,1073.1,South Carolina,Aiken
1057.3,408.2,South Carolina,Allendale
1859.7,718,South Carolina,Anderson
1018.6,393.3,South Carolina,Bamberg
1420.6,548.5,South Carolina,Barnwell
1520.4,587,South Carolina,Beaufort
2847.8,1099.5,South Carolina,Berkeley
985,380.3,South Carolina,Calhoun
2376.1,917.4,South Carolina,Charleston
1017.1,392.7,South Carolina,Cherokee
1503.7,580.6,South Carolina,Chester
2068.8,798.8,South Carolina,Chesterfield
1572.8,607.2,South Carolina,Clarendon
2736.3,1056.5,South Carolina,Colleton
1455.7,562.1,South Carolina,Darlington
1048.7,404.9,South Carolina,Dillon
1488.7,574.8,South Carolina,Dorchester
1300,501.9,South Carolina,Edgefield
1778.2,686.6,South Carolina,Fairfield
2070,799.2,South Carolina,Florence
2110.5,814.9,South Carolina,Georgetown
2051.5,792.1,South Carolina,Greenville
1179.8,455.5,South Carolina,Greenwood
1450.2,559.9,South Carolina,Hampton
2936.3,1133.7,South Carolina,Horry
1694.7,654.3,South Carolina,Jasper
1881.1,726.3,South Carolina,Kershaw
1422,549,South Carolina,Lancaster
1847.1,713.2,South Carolina,Laurens
1062.8,410.3,South Carolina,Lee
1815.1,700.8,South Carolina,Lexington
931.3,359.6,South Carolina,McCormick
1266.8,489.1,South Carolina,Marion
1242.5,479.7,South Carolina,Marlboro
1633.8,630.8,South Carolina,Newberry
1619,625.1,South Carolina,Oconee
2864.5,1106,South Carolina,Orangeburg
1287,496.9,South Carolina,Pickens
1959.4,756.5,South Carolina,Richland
1169.1,451.4,South Carolina,Saluda
2100.5,811,South Carolina,Spartanburg
1723.5,665.5,South Carolina,Sumter
1331.8,514.2,South Carolina,Union
2419.1,934,South Carolina,Williamsburg
1767.8,682.5,South Carolina,York
1834.3,708.2,South Dakota,Aurora
3261.9,1259.4,South Dakota,Beadle
3070.2,1185.4,South Dakota,Bennett
1459.3,563.4,South Dakota,Bon Homme
2057.8,794.5,South Dakota,Brookings
4436.2,1712.8,South Dakota,Brown
2121.3,819,South Dakota,Brule
1218.9,470.6,South Dakota,Buffalo
5823.8,2248.6,South Dakota,Butte
1905.8,735.8,South Dakota,Campbell
2844.5,1098.3,South Dakota,Charles Mix
2481.2,958,South Dakota,Clark
1066.1,411.6,South Dakota,Clay
1781.3,687.8,South Dakota,Codington
6405.2,2473.1,South Dakota,Corson
4034.6,1557.8,South Dakota,Custer
1127.8,435.5,South Dakota,Davison
2664.2,1028.6,South Dakota,Day
1615.1,623.6,South Dakota,Deuel
5964.3,2302.8,South Dakota,Dewey
1123.1,433.6,South Dakota,Douglas
2967.2,1145.7,South Dakota,Edmunds
4506.4,1739.9,South Dakota,Fall River
2590.6,1000.2,South Dakota,Faulk
1767.7,682.5,South Dakota,Grant
2631.4,1016,South Dakota,Gregory
4696,1813.1,South Dakota,Haakon
1324,511.2,South Dakota,Hamlin
3721.1,1436.7,South Dakota,Hand
1125.9,434.7,South Dakota,Hanson
6916.8,2670.6,South Dakota,Harding
1919.1,741,South Dakota,Hughes
2105.8,813,South Dakota,Hutchinson
2230.2,861.1,South Dakota,Hyde
4841.5,1869.3,South Dakota,Jackson
1373.4,530.3,South Dakota,Jerauld
2514,970.6,South Dakota,Jones
2171.5,838.4,South Dakota,Kingsbury
1458.9,563.3,South Dakota,Lake
2072.2,800.1,South Dakota,Lawrence
1497.4,578.1,South Dakota,Lincoln
4247.8,1640.1,South Dakota,Lyman
1488.1,574.6,South Dakota,McCook
2944.9,1137,South Dakota,McPherson
2172.7,838.9,South Dakota,Marshall
8989.5,3470.8,South Dakota,Meade
3384.1,1306.6,South Dakota,Mellette
1477.3,570.4,South Dakota,Miner
2095.8,809.2,South Dakota,Minnehaha
1346,519.7,South Dakota,Moody
7190.8,2776.4,South Dakota,Pennington
7437.9,2871.8,South Dakota,Perkins
2244.3,866.5,South Dakota,Potter
2852.5,1101.3,South Dakota,Roberts
1473.8,569,South Dakota,Sanborn
5423.3,2094,South Dakota,Shannon
3895.3,1504,South Dakota,Spink
3738.3,1443.4,South Dakota,Stanley
2608,1007,South Dakota,Sully
3595.5,1388.2,South Dakota,Todd
4179.3,1613.6,South Dakota,Tripp
1597.7,616.9,South Dakota,Turner
1192.4,460.4,South Dakota,Union
1833.3,707.8,South Dakota,Walworth
1351,521.6,South Dakota,Yankton
5082.9,1962.5,South Dakota,Ziebach
874.2,337.5,Tennessee,Anderson
1226.9,473.7,Tennessee,Bedford
1022.6,394.8,Tennessee,Benton
1052.4,406.3,Tennessee,Bledsoe
1446.7,558.6,Tennessee,Blount
851.5,328.8,Tennessee,Bradley
1243.4,480.1,Tennessee,Campbell
688.1,265.7,Tennessee,Cannon
1551.6,599.1,Tennessee,Carroll
883.4,341.1,Tennessee,Carter
784,302.7,Tennessee,Cheatham
747.3,288.5,Tennessee,Chester
1124.8,434.3,Tennessee,Claiborne
611.5,236.1,Tennessee,Clay
1125.2,434.4,Tennessee,Cocke
1110.9,428.9,Tennessee,Coffee
687.1,265.3,Tennessee,Crockett
1765.4,681.6,Tennessee,Cumberland
1300.9,502.3,Tennessee,Davidson
864.8,333.9,Tennessee,Decatur
788.9,304.6,Tennessee,DeKalb
1268.9,489.9,Tennessee,Dickson
1322.4,510.6,Tennessee,Dyer
1824.8,704.5,Tennessee,Fayette
1291.5,498.7,Tennessee,Fentress
1432.6,553.1,Tennessee,Franklin
1561,602.7,Tennessee,Gibson
1582.4,611,Tennessee,Giles
726.1,280.4,Tennessee,Grainger
1610.6,621.8,Tennessee,Greene
933.9,360.6,Tennessee,Grundy
417.1,161,Tennessee,Hamblen
1405.1,542.5,Tennessee,Hamilton
575.8,222.3,Tennessee,Hancock
1729,667.6,Tennessee,Hardeman
1496.8,577.9,Tennessee,Hardin
1260.5,486.7,Tennessee,Hawkins
1381.1,533.2,Tennessee,Haywood
1347,520.1,Tennessee,Henderson
1454.9,561.8,Tennessee,Henry
1586.9,612.7,Tennessee,Hickman
518.6,200.2,Tennessee,Houston
1378.5,532.2,Tennessee,Humphreys
800,308.9,Tennessee,Jackson
709.2,273.8,Tennessee,Jefferson
773.1,298.5,Tennessee,Johnson
1317,508.5,Tennessee,Knox
423.3,163.4,Tennessee,Lake
1218.5,470.5,Tennessee,Lauderdale
1598.6,617.2,Tennessee,Lawrence
730.7,282.1,Tennessee,Lewis
1477.1,570.3,Tennessee,Lincoln
592.1,228.6,Tennessee,Loudon
1114.5,430.3,Tennessee,McMinn
1450.6,560.1,Tennessee,McNairy
795.5,307.1,Tennessee,Macon
1442.9,557.1,Tennessee,Madison
1294.6,499.8,Tennessee,Marion
972.3,375.4,Tennessee,Marshall
1587.5,612.9,Tennessee,Maury
504.7,194.9,Tennessee,Meigs
1645.3,635.2,Tennessee,Monroe
1396.4,539.2,Tennessee,Montgomery
334.6,129.2,Tennessee,Moore
1352.2,522.1,Tennessee,Morgan
1411.4,544.9,Tennessee,Obion
1122.4,433.4,Tennessee,Overton
1074.7,414.9,Tennessee,Perry
421.9,162.9,Tennessee,Pickett
1126.9,435.1,Tennessee,Polk
1038.5,401,Tennessee,Putnam
818.3,315.9,Tennessee,Rhea
935,361,Tennessee,Roane
1234.2,476.5,Tennessee,Robertson
1603.1,619,Tennessee,Rutherford
1378.2,532.1,Tennessee,Scott
688.6,265.9,Tennessee,Sequatchie
1534.1,592.3,Tennessee,Sevier
1955.1,754.9,Tennessee,Shelby
814.4,314.4,Tennessee,Smith
1185.4,457.7,Tennessee,Stewart
1069.8,413,Tennessee,Sullivan
1371,529.4,Tennessee,Sumner
1189.8,459.4,Tennessee,Tipton
295.9,114.2,Tennessee,Trousdale
482.1,186.1,Tennessee,Unicoi
579.1,223.6,Tennessee,Union
708.3,273.5,Tennessee,Van Buren
1120.7,432.7,Tennessee,Warren
844.9,326.2,Tennessee,Washington
1901.1,734,Tennessee,Wayne
1502.9,580.3,Tennessee,Weakley
975.8,376.7,Tennessee,White
1509.3,582.7,Tennessee,Williamson
1477.9,570.6,Tennessee,Wilson
2773.7,1070.9,Texas,Anderson
3886.9,1500.7,Texas,Andrews
2076.2,801.6,Texas,Angelina
652.6,252,Texas,Aransas
2356.3,909.8,Texas,Archer
2366.4,913.7,Texas,Armstrong
3191.4,1232.2,Texas,Atascosa
1690.4,652.6,Texas,Austin
2141.3,826.7,Texas,Bailey
2050.7,791.8,Texas,Bandera
2301.1,888.5,Texas,Bastrop
2255.5,870.8,Texas,Baylor
2279.8,880.2,Texas,Bee
2742.8,1059,Texas,Bell
3229.5,1246.9,Texas,Bexar
1842.3,711.3,Texas,Blanco
2328.1,898.9,Texas,Borden
2562.2,989.3,Texas,Bosque
2299.8,887.9,Texas,Bowie
3592,1386.9,Texas,Brazoria
1517.3,585.8,Texas,Brazos
16040,6193,Texas,Brewster
2331.8,900.3,Texas,Briscoe
2443.3,943.3,Texas,Brooks
2444.9,944,Texas,Brown
1723.9,665.6,Texas,Burleson
2577.8,995.3,Texas,Burnet
1413.6,545.8,Texas,Caldwell
1327,512.4,Texas,Calhoun
2327.6,898.7,Texas,Callahan
2345.4,905.6,Texas,Cameron
511.6,197.5,Texas,Camp
2391.2,923.2,Texas,Carson
2428,937.5,Texas,Cass
2326.9,898.4,Texas,Castro
1552.4,599.4,Texas,Chambers
2725.5,1052.3,Texas,Cherokee
1839.9,710.4,Texas,Childress
2843.5,1097.9,Texas,Clay
2007.9,775.2,Texas,Cochran
2328.1,898.9,Texas,Coke
3296.9,1272.9,Texas,Coleman
2195.6,847.7,Texas,Collin
2379.8,918.8,Texas,Collingsworth
2494.3,963,Texas,Colorado
1454.3,561.5,Texas,Comal
2428.8,937.8,Texas,Comanche
2568,991.5,Texas,Concho
2263.1,873.8,Texas,Cooke
2724.3,1051.9,Texas,Coryell
2334.2,901.2,Texas,Cottle
2034.8,785.6,Texas,Crane
7271.8,2807.6,Texas,Crockett
2329.9,899.6,Texas,Crosby
9874.9,3812.7,Texas,Culberson
3897.4,1504.8,Texas,Dallam
2278.9,879.9,Texas,Dallas
2336.4,902.1,Texas,Dawson
3878.4,1497.4,Texas,Deaf Smith
717.9,277.2,Texas,Delta
2301.2,888.5,Texas,Denton
2355,909.3,Texas,DeWitt
2342,904.3,Texas,Dickens
3447.3,1331,Texas,Dimmit
2408.2,929.8,Texas,Donley
4643.5,1792.9,Texas,Duval
2398.6,926.1,Texas,Eastland
2333.9,901.1,Texas,Ector
5490.7,2119.9,Texas,Edwards
2434.6,940,Texas,Ellis
2623.9,1013.1,Texas,El Paso
2813.8,1086.4,Texas,Erath
1992.1,769.1,Texas,Falls
2309.1,891.6,Texas,Fannin
2460.8,950.1,Texas,Fayette
2334.2,901.2,Texas,Fisher
2570.1,992.3,Texas,Floyd
1830.4,706.7,Texas,Foard
2266.4,875,Texas,Fort Bend
739.9,285.7,Texas,Franklin
2292.8,885.3,Texas,Freestone
2934.8,1133.1,Texas,Frio
3891.3,1502.4,Texas,Gaines
1032.6,398.7,Texas,Galveston
2319.7,895.6,Texas,Garza
2748.4,1061.2,Texas,Gillespie
2333.1,900.8,Texas,Glasscock
2210.8,853.6,Texas,Goliad
2765.7,1067.9,Texas,Gonzales
2404.4,928.3,Texas,Gray
2418.2,933.7,Texas,Grayson
709.8,274.1,Texas,Gregg
2056,793.8,Texas,Grimes
1842,711.2,Texas,Guadalupe
2602.3,1004.7,Texas,Hale
2339.1,903.1,Texas,Hall
2164.7,835.8,Texas,Hamilton
2382.5,919.9,Texas,Hansford
1801.2,695.4,Texas,Hardeman
2316.4,894.4,Texas,Hardin
4478.1,1729,Texas,Harris
2328,898.8,Texas,Harrison
3787.5,1462.4,Texas,Hartley
2338.9,903,Texas,Haskell
1755.9,677.9,Texas,Hays
2356.2,909.7,Texas,Hemphill
2264.6,874.4,Texas,Henderson
4063.9,1569.1,Texas,Hidalgo
2492.7,962.4,Texas,Hill
2352.5,908.3,Texas,Hockley
1092,421.6,Texas,Hood
2032.5,784.8,Texas,Hopkins
3188.3,1231,Texas,Houston
2338.6,902.9,Texas,Howard
11839.8,4571.3,Texas,Hudspeth
2178.8,841.2,Texas,Hunt
2298.4,887.4,Texas,Hutchinson
2723.6,1051.6,Texas,Irion
2376.2,917.4,Texas,Jack
2148.5,829.5,Texas,Jackson
2428,937.5,Texas,Jasper
5865.3,2264.6,Texas,Jeff Davis
2340.3,903.6,Texas,Jefferson
2942.7,1136.2,Texas,Jim Hogg
2239.4,864.7,Texas,Jim Wells
1889.2,729.4,Texas,Johnson
2411.5,931.1,Texas,Jones
1943.5,750.4,Texas,Karnes
2036.1,786.1,Texas,Kaufman
1715.9,662.5,Texas,Kendall
3773.3,1456.9,Texas,Kenedy
2337.2,902.4,Texas,Kent
2865.3,1106.3,Texas,Kerr
3239.6,1250.8,Texas,Kimble
2363,912.3,Texas,King
3531.6,1363.5,Texas,Kinney
2256,871.1,Texas,Kleberg
2212.3,854.2,Texas,Knox
2375.2,917.1,Texas,Lamar
2632.2,1016.3,Texas,Lamb
1844.3,712.1,Texas,Lampasas
3856.5,1489,Texas,La Salle
2512.3,970,Texas,Lavaca
1628,628.6,Texas,Lee
2776.8,1072.1,Texas,Leon
3003.9,1159.8,Texas,Liberty
2354,908.9,Texas,Limestone
2414.3,932.2,Texas,Lipscomb
2684.3,1036.4,Texas,Live Oak
2421.3,934.9,Texas,Llano
1743.4,673.1,Texas,Loving
2330,899.6,Texas,Lubbock
2310.1,891.9,Texas,Lynn
2769.7,1069.4,Texas,McCulloch
2698.6,1041.9,Texas,McLennan
2882.9,1113.1,Texas,McMullen
1216.5,469.7,Texas,Madison
987.4,381.2,Texas,Marion
2369.5,914.9,Texas,Martin
2414.3,932.1,Texas,Mason
2886.7,1114.5,Texas,Matagorda
3315.6,1280.2,Texas,Maverick
3439.2,1327.9,Texas,Medina
2336.1,902,Texas,Menard
2331.8,900.3,Texas,Midland
2633.5,1016.8,Texas,Milam
1937.8,748.2,Texas,Mills
2357.2,910.1,Texas,Mitchell
2410.6,930.7,Texas,Montague
2704.8,1044.3,Texas,Montgomery
2330.3,899.7,Texas,Moore
659.2,254.5,Texas,Morris
2562.6,989.4,Texas,Motley
2452.3,946.8,Texas,Nacogdoches
2774.4,1071.2,Texas,Navarro
2415.8,932.8,Texas,Newton
2362.2,912.1,Texas,Nolan
2165,835.9,Texas,Nueces
2376.7,917.6,Texas,Ochiltree
3886.9,1500.7,Texas,Oldham
923.1,356.4,Texas,Orange
2468.2,953,Texas,Palo Pinto
2074.5,801,Texas,Panola
2340.3,903.6,Texas,Parker
2283.7,881.7,Texas,Parmer
12338.8,4764,Texas,Pecos
2738.6,1057.4,Texas,Polk
2355.5,909.4,Texas,Potter
9986.5,3855.8,Texas,Presidio
601.1,232.1,Texas,Rains
2368.5,914.5,Texas,Randall
3044.3,1175.4,Texas,Reagan
1812.9,700,Texas,Real
2720.1,1050.2,Texas,Red River
6827.4,2636.1,Texas,Reeves
1995.2,770.3,Texas,Refugio
2393.5,924.1,Texas,Roberts
2213.5,854.6,Texas,Robertson
333.6,128.8,Texas,Rockwall
2731.2,1054.5,Texas,Runnels
2392.2,923.6,Texas,Rusk
1269.9,490.3,Texas,Sabine
1367.3,527.9,Texas,San Augustine
1478.1,570.7,Texas,San Jacinto
1791.7,691.8,Texas,San Patricio
2938.5,1134.5,Texas,San Saba
3394.7,1310.7,Texas,Schleicher
2337.7,902.6,Texas,Scurry
2367.3,914,Texas,Shackelford
2057,794.2,Texas,Shelby
2390.8,923.1,Texas,Sherman
2404.8,928.5,Texas,Smith
484.8,187.2,Texas,Somervell
3167.9,1223.1,Texas,Starr
2317.3,894.7,Texas,Stephens
2391.7,923.4,Texas,Sterling
2379.6,918.7,Texas,Stonewall
3765.6,1453.9,Texas,Sutton
2332.3,900.5,Texas,Swisher
2236.5,863.5,Texas,Tarrant
2371.7,915.7,Texas,Taylor
6107,2357.9,Texas,Terrell
2304.8,889.9,Texas,Terry
2363.1,912.4,Texas,Throckmorton
1063.4,410.6,Texas,Titus
3942.5,1522.2,Texas,Tom Green
2562.6,989.4,Texas,Travis
1794.6,692.9,Texas,Trinity
2390.5,923,Texas,Tyler
1522.2,587.7,Texas,Upshur
3216.2,1241.8,Texas,Upton
4031.7,1556.6,Texas,Uvalde
8212,3170.7,Texas,Val Verde
2198.4,848.8,Texas,Van Zandt
2285.9,882.6,Texas,Victoria
2039.7,787.5,Texas,Walker
1330.3,513.6,Texas,Waller
2164.1,835.6,Texas,Ward
1578,609.3,Texas,Washington
8694.6,3357,Texas,Webb
2823.6,1090.2,Texas,Wharton
2368,914.3,Texas,Wheeler
1625.7,627.7,Texas,Wichita
2515.2,971.1,Texas,Wilbarger
1545.5,596.7,Texas,Willacy
2912.1,1124.4,Texas,Williamson
2090.6,807.2,Texas,Wilson
2178.5,841.1,Texas,Winkler
2343.1,904.7,Texas,Wise
1684.3,650.3,Texas,Wood
2071.4,799.8,Texas,Yoakum
2389,922.4,Texas,Young
2581.8,996.8,Texas,Zapata
3363.3,1298.6,Texas,Zavala
6708.4,2590.1,Utah,Beaver
14824.3,5723.7,Utah,Box Elder
3016.4,1164.6,Utah,Cache
3829.5,1478.6,Utah,Carbon
1808.8,698.4,Utah,Daggett
788.6,304.5,Utah,Davis
8387.4,3238.4,Utah,Duchesne
11531,4452.1,Utah,Emery
13402,5174.5,Utah,Garfield
9535.8,3681.8,Utah,Grand
8543.1,3298.5,Utah,Iron
8785,3391.9,Utah,Juab
10339.7,3992.2,Utah,Kane
17067.1,6589.6,Utah,Millard
1577.6,609.1,Utah,Morgan
1962.9,757.9,Utah,Piute
2664.1,1028.6,Utah,Rich
1909.9,737.4,Utah,Salt Lake
20255.7,7820.7,Utah,San Juan
4113.3,1588.2,Utah,Sanpete
4947.9,1910.4,Utah,Sevier
4846.3,1871.2,Utah,Summit
17989.9,6945.9,Utah,Tooele
11596.2,4477.3,Utah,Uintah
5175.9,1998.4,Utah,Utah
3058.6,1180.9,Utah,Wasatch
6286.4,2427.2,Utah,Washington
6372.6,2460.5,Utah,Wayne
1490.8,575.6,Utah,Weber
1994.4,770,Vermont,Addison
1751.7,676.3,Vermont,Bennington
1686,651,Vermont,Caledonia
1395.9,539,Vermont,Chittenden
1723.1,665.3,Vermont,Essex
1650,637.1,Vermont,Franklin
214,82.6,Vermont,Grand Isle
1192.9,460.6,Vermont,Lamoille
1783.8,688.7,Vermont,Orange
1804.9,696.9,Vermont,Orleans
2414.4,932.2,Vermont,Rutland
1786,689.6,Vermont,Washington
2042.9,788.8,Vermont,Windham
2515.7,971.3,Vermont,Windsor
1177.4,454.6,Virginia,Accomack
1871.9,722.8,Virginia,Albemarle
1154.8,445.9,Virginia,Alleghany
924.2,356.8,Virginia,Amelia
1230.9,475.3,Virginia,Amherst
864.3,333.7,Virginia,Appomattox
67,25.9,Virginia,Arlington
2516.7,971.7,Virginia,Augusta
1377.6,531.9,Virginia,Bath
1955,754.8,Virginia,Bedford
929,358.7,Virginia,Bland
1405.6,542.7,Virginia,Botetourt
1466.4,566.2,Virginia,Brunswick
1305.1,503.9,Virginia,Buchanan
1504.5,580.9,Virginia,Buckingham
1306.7,504.5,Virginia,Campbell
1379.5,532.6,Virginia,Caroline
1234.2,476.5,Virginia,Carroll
472.6,182.5,Virginia,Charles City
1230.3,475,Virginia,Charlotte
1102.6,425.7,Virginia,Chesterfield
457.5,176.6,Virginia,Clarke
854.9,330.1,Virginia,Craig
987.2,381.2,Virginia,Culpeper
773.2,298.5,Virginia,Cumberland
861.6,332.7,Virginia,Dickenson
1304.7,503.8,Virginia,Dinwiddie
667.7,257.8,Virginia,Essex
1024.5,395.6,Virginia,Fairfax
1684.3,650.3,Virginia,Fauquier
988,381.5,Virginia,Floyd
744.4,287.4,Virginia,Fluvanna
1792.6,692.1,Virginia,Franklin
1073.8,414.6,Virginia,Frederick
927,357.9,Virginia,Giles
561,216.6,Virginia,Gloucester
736.7,284.5,Virginia,Goochland
1146.5,442.7,Virginia,Grayson
405.6,156.6,Virginia,Greene
765.2,295.5,Virginia,Greensville
2107.7,813.8,Virginia,Halifax
1224.5,472.8,Virginia,Hanover
616.8,238.1,Virginia,Henrico
990.4,382.4,Virginia,Henry
1077.1,415.9,Virginia,Highland
818.2,315.9,Virginia,Isle of Wight
370.1,142.9,Virginia,James City
819.2,316.3,Virginia,King and Queen
466.2,180,Virginia,King George
713.4,275.4,Virginia,King William
344.9,133.2,Virginia,Lancaster
1132.2,437.2,Virginia,Lee
1346.6,519.9,Virginia,Loudoun
1288.5,497.5,Virginia,Louisa
1118.3,431.8,Virginia,Lunenburg
832.6,321.5,Virginia,Madison
221.9,85.7,Virginia,Mathews
1616.1,624,Virginia,Mecklenburg
337.5,130.3,Virginia,Middlesex
1005.5,388.2,Virginia,Montgomery
1223.5,472.4,Virginia,Nelson
543.5,209.8,Virginia,New Kent
537.1,207.4,Virginia,Northampton
498.1,192.3,Virginia,Northumberland
815.2,314.7,Virginia,Nottoway
885.1,341.7,Virginia,Orange
805.9,311.1,Virginia,Page
1251.4,483.2,Virginia,Patrick
2514.5,970.9,Virginia,Pittsylvania
676.8,261.3,Virginia,Powhatan
913.8,352.8,Virginia,Prince Edward
687.9,265.6,Virginia,Prince George
876.5,338.4,Virginia,Prince William
830.3,320.6,Virginia,Pulaski
690.5,266.6,Virginia,Rappahannock
495.9,191.5,Virginia,Richmond
649.2,250.7,Virginia,Roanoke
1553.1,599.7,Virginia,Rockbridge
2204.6,851.2,Virginia,Rockingham
1229.4,474.7,Virginia,Russell
1389.8,536.6,Virginia,Scott
1326.7,512.2,Virginia,Shenandoah
1171,452.1,Virginia,Smyth
1554.7,600.3,Virginia,Southampton
1038.3,400.9,Virginia,Spotsylvania
699.3,270,Virginia,Stafford
722.9,279.1,Virginia,Surry
1271.1,490.8,Virginia,Sussex
1346.2,519.8,Virginia,Tazewell
553.5,213.7,Virginia,Warren
1461.3,564.2,Virginia,Washington
593.6,229.2,Virginia,Westmoreland
1044.7,403.4,Virginia,Wise
1199.8,463.3,Virginia,Wythe
273.5,105.6,Virginia,York
39.6,15.3,Virginia,Alexandria city
17.7,6.8,Virginia,Bedford city
30,11.6,Virginia,Bristol city
17.7,6.8,Virginia,Buena Vista city
26.6,10.3,Virginia,Charlottesville city
882.4,340.7,Virginia,Chesapeake city
8,3.1,Virginia,Clifton Forge city
19.3,7.5,Virginia,Colonial Heights city
11.5,4.4,Virginia,Covington city
111.5,43.1,Virginia,Danville city
17.8,6.9,Virginia,Emporia city
16,6.2,Virginia,Fairfax city
5.2,2,Virginia,Falls Church city
19.9,7.7,Virginia,Franklin city
27.2,10.5,Virginia,Fredericksburg city
20.9,8.1,Virginia,Galax city
134.2,51.8,Virginia,Hampton city
45.5,17.6,Virginia,Harrisonburg city
26.5,10.2,Virginia,Hopewell city
6.5,2.5,Virginia,Lexington city
127.9,49.4,Virginia,Lynchburg city
25.9,10,Virginia,Manassas city
4.7,1.8,Virginia,Manassas Park city
28.4,11,Virginia,Martinsville city
177,68.3,Virginia,Newport News city
139.2,53.8,Virginia,Norfolk city
18.8,7.3,Virginia,Norton city
59.3,22.9,Virginia,Petersburg city
40.2,15.5,Virginia,Poquoson city
85.8,33.1,Virginia,Portsmouth city
25.4,9.8,Virginia,Radford city
155.7,60.1,Virginia,Richmond city
111.1,42.9,Virginia,Roanoke city
37.7,14.6,Virginia,Salem city
14.3,5.5,Virginia,South Boston city
51.2,19.8,Virginia,Staunton city
1036.2,400.1,Virginia,Suffolk city
643.2,248.3,Virginia,Virginia Beach city
36.4,14,Virginia,Waynesboro city
22.3,8.6,Virginia,Williamsburg city
24.2,9.3,Virginia,Winchester city
4985.7,1925,Washington,Adams
1647,635.9,Washington,Asotin
4411.1,1703.1,Washington,Benton
7567,2921.6,Washington,Chelan
4520,1745.2,Washington,Clallam
1626.2,627.9,Washington,Clark
2250.2,868.8,Washington,Columbia
2949.3,1138.7,Washington,Cowlitz
4715.3,1820.6,Washington,Douglas
5708.3,2204,Washington,Ferry
3217.3,1242.2,Washington,Franklin
1840.3,710.5,Washington,Garfield
6931.8,2676.4,Washington,Grant
4965.7,1917.3,Washington,Grays Harbor
540.3,208.6,Washington,Island
4684.8,1808.8,Washington,Jefferson
5506.6,2126.1,Washington,King
1025.6,396,Washington,Kitsap
5948.3,2296.7,Washington,Kittitas
4849.7,1872.5,Washington,Klickitat
6236.2,2407.8,Washington,Lewis
5986.1,2311.2,Washington,Lincoln
2489.3,961.1,Washington,Mason
13644.8,5268.3,Washington,Okanogan
2524.1,974.6,Washington,Pacific
3627.2,1400.5,Washington,Pend Oreille
4339.7,1675.5,Washington,Pierce
453.1,174.9,Washington,San Juan
4494.4,1735.3,Washington,Skagit
4290.4,1656.5,Washington,Skamania
5413.6,2090.2,Washington,Snohomish
4568.3,1763.8,Washington,Spokane
6418.9,2478.3,Washington,Stevens
1883.1,727.1,Washington,Thurston
684.4,264.3,Washington,Wahkiakum
3290.5,1270.5,Washington,Walla Walla
5490.9,2120.1,Washington,Whatcom
5592.8,2159.4,Washington,Whitman
11126.9,4296.1,Washington,Yakima
882.7,340.8,West Virginia,Barbour
831.8,321.2,West Virginia,Berkeley
1302.8,503,West Virginia,Boone
1330,513.5,West Virginia,Braxton
230.1,88.9,West Virginia,Brooke
729.4,281.6,West Virginia,Cabell
726.8,280.6,West Virginia,Calhoun
886.9,342.4,West Virginia,Clay
830,320.5,West Virginia,Doddridge
1719.7,664,West Virginia,Fayette
880.8,340.1,West Virginia,Gilmer
1236.1,477.2,West Virginia,Grant
2645.2,1021.3,West Virginia,Greenbrier
1662.2,641.8,West Virginia,Hampshire
215.1,83,West Virginia,Hancock
1511.1,583.4,West Virginia,Hardy
1077.7,416.1,West Virginia,Harrison
1206.4,465.8,West Virginia,Jackson
542.8,209.6,West Virginia,Jefferson
2339.2,903.2,West Virginia,Kanawha
1007.1,388.8,West Virginia,Lewis
1133,437.5,West Virginia,Lincoln
1176.5,454.2,West Virginia,Logan
1385,534.8,West Virginia,McDowell
802.1,309.7,West Virginia,Marion
795.2,307,West Virginia,Marshall
1118.6,431.9,West Virginia,Mason
1089.1,420.5,West Virginia,Mercer
848.9,327.8,West Virginia,Mineral
1094.6,422.6,West Virginia,Mingo
935.5,361.2,West Virginia,Monongalia
1226.1,473.4,West Virginia,Monroe
593.2,229,West Virginia,Morgan
1680.1,648.7,West Virginia,Nicholas
275,106.2,West Virginia,Ohio
1807.8,698,West Virginia,Pendleton
338.6,130.7,West Virginia,Pleasants
2435.5,940.3,West Virginia,Pocahontas
1679.3,648.4,West Virginia,Preston
896.8,346.3,West Virginia,Putnam
1572.1,607,West Virginia,Raleigh
2693.1,1039.8,West Virginia,Randolph
1174.7,453.5,West Virginia,Ritchie
1252.6,483.6,West Virginia,Roane
935.5,361.2,West Virginia,Summers
447.5,172.8,West Virginia,Taylor
1084.9,418.9,West Virginia,Tucker
667.1,257.6,West Virginia,Tyler
918.9,354.8,West Virginia,Upshur
1310,505.8,West Virginia,Wayne
1440.4,556.1,West Virginia,Webster
930.4,359.2,West Virginia,Wetzel
603.5,233,West Virginia,Wirt
951.4,367.4,West Virginia,Wood
1297.3,500.9,West Virginia,Wyoming
1677.8,647.8,Wisconsin,Adams
2703.7,1043.9,Wisconsin,Ashland
2234.9,862.9,Wisconsin,Barron
3823.9,1476.4,Wisconsin,Bayfield
1369.4,528.7,Wisconsin,Brown
1772.9,684.5,Wisconsin,Buffalo
2127.8,821.5,Wisconsin,Burnett
828.5,319.9,Wisconsin,Calumet
2617.1,1010.5,Wisconsin,Chippewa
3148.7,1215.7,Wisconsin,Clark
2004.3,773.9,Wisconsin,Columbia
1483.4,572.8,Wisconsin,Crawford
3113.6,1202.2,Wisconsin,Dane
2285.4,882.4,Wisconsin,Dodge
1250.3,482.7,Wisconsin,Door
3391,1309.3,Wisconsin,Douglas
2206.9,852.1,Wisconsin,Dunn
1651.5,637.7,Wisconsin,Eau Claire
1264.1,488.1,Wisconsin,Florence
1872.5,723,Wisconsin,Fond du Lac
2626.6,1014.1,Wisconsin,Forest
2973.1,1147.9,Wisconsin,Grant
1512.7,584,Wisconsin,Green
917.7,354.3,Wisconsin,Green Lake
1975.5,762.7,Wisconsin,Iowa
1961.4,757.3,Wisconsin,Iron
2557.1,987.3,Wisconsin,Jackson
1442.8,557.1,Wisconsin,Jefferson
1988.3,767.7,Wisconsin,Juneau
706.6,272.8,Wisconsin,Kenosha
887.5,342.7,Wisconsin,Kewaunee
1172.7,452.8,Wisconsin,La Crosse
1641.1,633.6,Wisconsin,Lafayette
2260.4,872.7,Wisconsin,Langlade
2287.1,883,Wisconsin,Lincoln
1532.1,591.6,Wisconsin,Manitowoc
4001.7,1545.1,Wisconsin,Marathon
3631.1,1402,Wisconsin,Marinette
1179.8,455.5,Wisconsin,Marquette
927.2,358,Wisconsin,Menominee
625.6,241.6,Wisconsin,Milwaukee
2333.4,900.9,Wisconsin,Monroe
2585.1,998.1,Wisconsin,Oconto
2913,1124.7,Wisconsin,Oneida
1658.6,640.4,Wisconsin,Outagamie
600.8,232,Wisconsin,Ozaukee
601.7,232.3,Wisconsin,Pepin
1493.2,576.5,Wisconsin,Pierce
2375.9,917.3,Wisconsin,Polk
2088.5,806.4,Wisconsin,Portage
3244.5,1252.7,Wisconsin,Price
862.8,333.1,Wisconsin,Racine
1518.4,586.3,Wisconsin,Richland
1866.2,720.5,Wisconsin,Rock
2365.2,913.2,Wisconsin,Rusk
1869.9,722,Wisconsin,St. Croix
2169.7,837.7,Wisconsin,Sauk
3254.4,1256.5,Wisconsin,Sawyer
2311.8,892.6,Wisconsin,Shawano
1330.4,513.7,Wisconsin,Sheboygan
2525.1,975,Wisconsin,Taylor
1901.4,734.1,Wisconsin,Trempealeau
2058.9,795,Wisconsin,Vernon
2260.6,872.8,Wisconsin,Vilas
1438.5,555.4,Wisconsin,Walworth
2097.2,809.7,Wisconsin,Washburn
1115.9,430.8,Wisconsin,Washington
1439,555.6,Wisconsin,Waukesha
1945.4,751.1,Wisconsin,Waupaca
1621.6,626.1,Wisconsin,Waushara
1136.1,438.6,Wisconsin,Winnebago
2053.5,792.9,Wisconsin,Wood
11069.3,4273.8,Wyoming,Albany
8125.2,3137.1,Wyoming,Big Horn
12423.9,4796.9,Wyoming,Campbell
20452.1,7896.6,Wyoming,Carbon
11020.1,4254.9,Wyoming,Converse
7404,2858.7,Wyoming,Crook
23783.1,9182.7,Wyoming,Fremont
5764,2225.5,Wyoming,Goshen
5190.3,2004,Wyoming,Hot Springs
10791.1,4166.4,Wyoming,Johnson
6957.4,2686.2,Wyoming,Laramie
10539.5,4069.3,Wyoming,Lincoln
13830.7,5340.1,Wyoming,Natrona
6801.1,2625.9,Wyoming,Niobrara
17981.7,6942.7,Wyoming,Park
5400.3,2085,Wyoming,Platte
6535.7,2523.4,Wyoming,Sheridan
12643.4,4881.6,Wyoming,Sublette
27003,10425.9,Wyoming,Sweetwater
10380.6,4007.9,Wyoming,Teton
5391.7,2081.8,Wyoming,Uinta
5802,2240.2,Wyoming,Washakie
6210.6,2397.9,Wyoming,Weston
